node,gene
1,Q0010
2,Q0017
3,Q0032
4,Q0045
5,Q0050
6,Q0055
7,Q0060
8,Q0065
9,Q0070
10,Q0075
11,Q0080
12,Q0085
13,Q0092
14,Q0105
15,Q0110
16,Q0115
17,Q0120
18,Q0130
19,Q0140
20,Q0142
21,Q0143
22,Q0144
23,Q0160
24,Q0182
25,Q0250
26,Q0255
27,Q0275
28,Q0297
29,YAL001C
30,YAL002W
31,YAL003W
32,YAL004W
33,YAL005C
34,YAL007C
35,YAL008W
36,YAL009W
37,YAL010C
38,YAL011W
39,YAL012W
40,YAL013W
41,YAL014C
42,YAL015C
43,YAL016C-A
44,YAL016C-B
45,YAL016W
46,YAL017W
47,YAL018C
48,YAL019W
49,YAL019W-A
50,YAL020C
51,YAL021C
52,YAL022C
53,YAL023C
54,YAL024C
55,YAL025C
56,YAL026C
57,YAL026C-A
58,YAL027W
59,YAL028W
60,YAL029C
61,YAL030W
62,YAL031C
63,YAL031W-A
64,YAL032C
65,YAL033W
66,YAL034C
67,YAL034C-B
68,YAL034W-A
69,YAL035W
70,YAL036C
71,YAL037C-A
72,YAL037C-B
73,YAL037W
74,YAL038W
75,YAL039C
76,YAL040C
77,YAL041W
78,YAL042C-A
79,YAL042W
80,YAL043C
81,YAL044C
82,YAL044W-A
83,YAL045C
84,YAL046C
85,YAL047C
86,YAL047W-A
87,YAL048C
88,YAL049C
89,YAL051W
90,YAL053W
91,YAL054C
92,YAL055W
93,YAL056C-A
94,YAL056W
95,YAL058W
96,YAL059C-A
97,YAL059W
98,YAL060W
99,YAL061W
100,YAL062W
101,YAL063C
102,YAL063C-A
103,YAL064C-A
104,YAL064W
105,YAL064W-B
106,YAL065C
107,YAL066W
108,YAL067C
109,YAL067W-A
110,YAL068C
111,YAL068W-A
112,YAL069W
113,YAR002C-A
114,YAR002W
115,YAR003W
116,YAR007C
117,YAR008W
118,YAR009C
119,YAR010C
120,YAR014C
121,YAR015W
122,YAR018C
123,YAR019C
124,YAR019W-A
125,YAR020C
126,YAR023C
127,YAR027W
128,YAR028W
129,YAR029W
130,YAR030C
131,YAR031W
132,YAR033W
133,YAR035C-A
134,YAR035W
135,YAR042W
136,YAR047C
137,YAR050W
138,YAR053W
139,YAR060C
140,YAR064W
141,YAR066W
142,YAR068W
143,YAR069C
144,YAR070C
145,YAR071W
146,YAR073W
147,YAR075W
148,YBL001C
149,YBL002W
150,YBL003C
151,YBL004W
152,YBL005W
153,YBL005W-A
154,YBL005W-B
155,YBL006C
156,YBL006W-A
157,YBL007C
158,YBL008W
159,YBL008W-A
160,YBL009W
161,YBL010C
162,YBL011W
163,YBL012C
164,YBL013W
165,YBL014C
166,YBL015W
167,YBL016W
168,YBL017C
169,YBL018C
170,YBL019W
171,YBL020W
172,YBL021C
173,YBL022C
174,YBL023C
175,YBL024W
176,YBL025W
177,YBL026W
178,YBL027W
179,YBL028C
180,YBL029C-A
181,YBL029W
182,YBL030C
183,YBL031W
184,YBL032W
185,YBL033C
186,YBL034C
187,YBL035C
188,YBL036C
189,YBL037W
190,YBL038W
191,YBL039C
192,YBL039C-A
193,YBL039W-B
194,YBL040C
195,YBL041W
196,YBL042C
197,YBL043W
198,YBL044W
199,YBL045C
200,YBL046W
201,YBL047C
202,YBL048W
203,YBL049W
204,YBL050W
205,YBL051C
206,YBL052C
207,YBL053W
208,YBL054W
209,YBL055C
210,YBL056W
211,YBL057C
212,YBL058W
213,YBL059C-A
214,YBL059W
215,YBL060W
216,YBL061C
217,YBL062W
218,YBL063W
219,YBL064C
220,YBL065W
221,YBL066C
222,YBL067C
223,YBL068W
224,YBL068W-A
225,YBL069W
226,YBL070C
227,YBL071C
228,YBL071C-B
229,YBL071W-A
230,YBL072C
231,YBL073W
232,YBL074C
233,YBL075C
234,YBL076C
235,YBL077W
236,YBL078C
237,YBL079W
238,YBL080C
239,YBL081W
240,YBL082C
241,YBL083C
242,YBL084C
243,YBL085W
244,YBL086C
245,YBL087C
246,YBL088C
247,YBL089W
248,YBL090W
249,YBL091C
250,YBL091C-A
251,YBL092W
252,YBL093C
253,YBL094C
254,YBL095W
255,YBL096C
256,YBL097W
257,YBL098W
258,YBL099W
259,YBL100C
260,YBL100W-A
261,YBL100W-B
262,YBL100W-C
263,YBL101C
264,YBL102W
265,YBL103C
266,YBL104C
267,YBL105C
268,YBL106C
269,YBL107C
270,YBL107W-A
271,YBL108C-A
272,YBL108W
273,YBL109W
274,YBL111C
275,YBL112C
276,YBL113C
277,YBL113W-A
278,YBR001C
279,YBR002C
280,YBR003W
281,YBR004C
282,YBR005W
283,YBR006W
284,YBR007C
285,YBR008C
286,YBR009C
287,YBR010W
288,YBR011C
289,YBR012C
290,YBR012W-A
291,YBR012W-B
292,YBR013C
293,YBR014C
294,YBR015C
295,YBR016W
296,YBR017C
297,YBR018C
298,YBR019C
299,YBR020W
300,YBR021W
301,YBR022W
302,YBR023C
303,YBR024W
304,YBR025C
305,YBR026C
306,YBR027C
307,YBR028C
308,YBR029C
309,YBR030W
310,YBR031W
311,YBR032W
312,YBR033W
313,YBR034C
314,YBR035C
315,YBR036C
316,YBR037C
317,YBR038W
318,YBR039W
319,YBR040W
320,YBR041W
321,YBR042C
322,YBR043C
323,YBR044C
324,YBR045C
325,YBR046C
326,YBR047W
327,YBR048W
328,YBR049C
329,YBR050C
330,YBR051W
331,YBR052C
332,YBR053C
333,YBR054W
334,YBR055C
335,YBR056C-B
336,YBR056W
337,YBR056W-A
338,YBR057C
339,YBR058C
340,YBR058C-A
341,YBR059C
342,YBR060C
343,YBR061C
344,YBR062C
345,YBR063C
346,YBR064W
347,YBR065C
348,YBR066C
349,YBR067C
350,YBR068C
351,YBR069C
352,YBR070C
353,YBR071W
354,YBR072C-A
355,YBR072W
356,YBR073W
357,YBR074W
358,YBR076C-A
359,YBR076W
360,YBR077C
361,YBR078W
362,YBR079C
363,YBR080C
364,YBR081C
365,YBR082C
366,YBR083W
367,YBR084C-A
368,YBR084W
369,YBR085C-A
370,YBR085W
371,YBR086C
372,YBR087W
373,YBR088C
374,YBR089C-A
375,YBR089W
376,YBR090C
377,YBR091C
378,YBR092C
379,YBR093C
380,YBR094W
381,YBR095C
382,YBR096W
383,YBR097W
384,YBR098W
385,YBR099C
386,YBR101C
387,YBR102C
388,YBR103C-A
389,YBR103W
390,YBR104W
391,YBR105C
392,YBR106W
393,YBR107C
394,YBR108W
395,YBR109C
396,YBR109W-A
397,YBR110W
398,YBR111C
399,YBR111W-A
400,YBR112C
401,YBR113W
402,YBR114W
403,YBR115C
404,YBR116C
405,YBR117C
406,YBR118W
407,YBR119W
408,YBR120C
409,YBR121C
410,YBR121C-A
411,YBR122C
412,YBR123C
413,YBR124W
414,YBR125C
415,YBR126C
416,YBR126W-A
417,YBR126W-B
418,YBR127C
419,YBR128C
420,YBR129C
421,YBR130C
422,YBR131C-A
423,YBR131W
424,YBR132C
425,YBR133C
426,YBR134W
427,YBR135W
428,YBR136W
429,YBR137W
430,YBR138C
431,YBR139W
432,YBR140C
433,YBR141C
434,YBR141W-A
435,YBR142W
436,YBR143C
437,YBR144C
438,YBR145W
439,YBR146W
440,YBR147W
441,YBR148W
442,YBR149W
443,YBR150C
444,YBR151W
445,YBR152W
446,YBR153W
447,YBR154C
448,YBR155W
449,YBR156C
450,YBR157C
451,YBR158W
452,YBR159W
453,YBR160W
454,YBR161W
455,YBR162C
456,YBR162W-A
457,YBR163W
458,YBR164C
459,YBR165W
460,YBR166C
461,YBR167C
462,YBR168W
463,YBR169C
464,YBR170C
465,YBR171W
466,YBR172C
467,YBR173C
468,YBR174C
469,YBR175W
470,YBR176W
471,YBR177C
472,YBR178W
473,YBR179C
474,YBR180W
475,YBR181C
476,YBR182C
477,YBR182C-A
478,YBR183W
479,YBR184W
480,YBR185C
481,YBR186W
482,YBR187W
483,YBR188C
484,YBR189W
485,YBR190W
486,YBR191W
487,YBR191W-A
488,YBR192W
489,YBR193C
490,YBR194W
491,YBR195C
492,YBR196C
493,YBR196C-A
494,YBR196C-B
495,YBR197C
496,YBR198C
497,YBR199W
498,YBR200W
499,YBR200W-A
500,YBR201C-A
501,YBR201W
502,YBR202W
503,YBR203W
504,YBR204C
505,YBR205W
506,YBR206W
507,YBR207W
508,YBR208C
509,YBR209W
510,YBR210W
511,YBR211C
512,YBR212W
513,YBR213W
514,YBR214W
515,YBR215W
516,YBR216C
517,YBR217W
518,YBR218C
519,YBR219C
520,YBR220C
521,YBR221C
522,YBR221W-A
523,YBR222C
524,YBR223C
525,YBR223W-A
526,YBR224W
527,YBR225W
528,YBR226C
529,YBR227C
530,YBR228W
531,YBR229C
532,YBR230C
533,YBR230W-A
534,YBR231C
535,YBR232C
536,YBR233W
537,YBR233W-A
538,YBR234C
539,YBR235W
540,YBR236C
541,YBR237W
542,YBR238C
543,YBR239C
544,YBR240C
545,YBR241C
546,YBR242W
547,YBR243C
548,YBR244W
549,YBR245C
550,YBR246W
551,YBR247C
552,YBR248C
553,YBR249C
554,YBR250W
555,YBR251W
556,YBR252W
557,YBR253W
558,YBR254C
559,YBR255C-A
560,YBR255W
561,YBR256C
562,YBR257W
563,YBR258C
564,YBR259W
565,YBR260C
566,YBR261C
567,YBR262C
568,YBR263W
569,YBR264C
570,YBR265W
571,YBR266C
572,YBR267W
573,YBR268W
574,YBR269C
575,YBR270C
576,YBR271W
577,YBR272C
578,YBR273C
579,YBR274W
580,YBR275C
581,YBR276C
582,YBR277C
583,YBR278W
584,YBR279W
585,YBR280C
586,YBR281C
587,YBR282W
588,YBR283C
589,YBR284W
590,YBR285W
591,YBR286W
592,YBR287W
593,YBR288C
594,YBR289W
595,YBR290W
596,YBR291C
597,YBR292C
598,YBR293W
599,YBR294W
600,YBR295W
601,YBR296C
602,YBR296C-A
603,YBR297W
604,YBR298C
605,YBR298C-A
606,YBR299W
607,YBR300C
608,YBR301W
609,YBR302C
610,YCL001W
611,YCL001W-A
612,YCL001W-B
613,YCL002C
614,YCL004W
615,YCL005W
616,YCL005W-A
617,YCL007C
618,YCL008C
619,YCL009C
620,YCL010C
621,YCL011C
622,YCL012C
623,YCL014W
624,YCL016C
625,YCL017C
626,YCL018W
627,YCL019W
628,YCL020W
629,YCL021W-A
630,YCL022C
631,YCL023C
632,YCL024W
633,YCL025C
634,YCL026C-A
635,YCL026C-B
636,YCL027W
637,YCL028W
638,YCL029C
639,YCL030C
640,YCL031C
641,YCL032W
642,YCL033C
643,YCL034W
644,YCL035C
645,YCL036W
646,YCL037C
647,YCL038C
648,YCL039W
649,YCL040W
650,YCL041C
651,YCL042W
652,YCL043C
653,YCL044C
654,YCL045C
655,YCL046W
656,YCL047C
657,YCL048W
658,YCL048W-A
659,YCL049C
660,YCL050C
661,YCL051W
662,YCL052C
663,YCL054W
664,YCL055W
665,YCL056C
666,YCL057C-A
667,YCL057W
668,YCL058C
669,YCL058W-A
670,YCL059C
671,YCL061C
672,YCL063W
673,YCL064C
674,YCL065W
675,YCL066W
676,YCL067C
677,YCL068C
678,YCL069W
679,YCL073C
680,YCL076W
681,YCR001W
682,YCR002C
683,YCR003W
684,YCR004C
685,YCR005C
686,YCR006C
687,YCR007C
688,YCR008W
689,YCR009C
690,YCR010C
691,YCR011C
692,YCR012W
693,YCR013C
694,YCR014C
695,YCR015C
696,YCR016W
697,YCR017C
698,YCR018C
699,YCR018C-A
700,YCR019W
701,YCR020C
702,YCR020C-A
703,YCR020W-B
704,YCR021C
705,YCR022C
706,YCR023C
707,YCR024C
708,YCR024C-A
709,YCR024C-B
710,YCR025C
711,YCR026C
712,YCR027C
713,YCR028C
714,YCR028C-A
715,YCR030C
716,YCR031C
717,YCR032W
718,YCR033W
719,YCR034W
720,YCR035C
721,YCR036W
722,YCR037C
723,YCR038C
724,YCR038W-A
725,YCR039C
726,YCR040W
727,YCR041W
728,YCR042C
729,YCR043C
730,YCR044C
731,YCR045C
732,YCR045W-A
733,YCR046C
734,YCR047C
735,YCR047W-A
736,YCR048W
737,YCR049C
738,YCR050C
739,YCR051W
740,YCR052W
741,YCR053W
742,YCR054C
743,YCR057C
744,YCR059C
745,YCR060W
746,YCR061W
747,YCR063W
748,YCR064C
749,YCR065W
750,YCR066W
751,YCR067C
752,YCR068W
753,YCR069W
754,YCR071C
755,YCR072C
756,YCR073C
757,YCR073W-A
758,YCR075C
759,YCR075W-A
760,YCR076C
761,YCR077C
762,YCR079W
763,YCR081C-A
764,YCR081W
765,YCR082W
766,YCR083W
767,YCR084C
768,YCR085W
769,YCR086W
770,YCR087C-A
771,YCR087W
772,YCR088W
773,YCR089W
774,YCR090C
775,YCR091W
776,YCR092C
777,YCR093W
778,YCR094W
779,YCR095C
780,YCR095W-A
781,YCR096C
782,YCR097W
783,YCR097W-A
784,YCR098C
785,YCR099C
786,YCR100C
787,YCR101C
788,YCR102C
789,YCR102W-A
790,YCR104W
791,YCR105W
792,YCR106W
793,YCR107W
794,YCR108C
795,YDL001W
796,YDL002C
797,YDL003W
798,YDL004W
799,YDL005C
800,YDL006W
801,YDL007C-A
802,YDL007W
803,YDL008W
804,YDL009C
805,YDL010W
806,YDL011C
807,YDL012C
808,YDL013W
809,YDL014W
810,YDL015C
811,YDL016C
812,YDL017W
813,YDL018C
814,YDL019C
815,YDL020C
816,YDL021W
817,YDL022C-A
818,YDL022W
819,YDL023C
820,YDL024C
821,YDL025C
822,YDL025W-A
823,YDL026W
824,YDL027C
825,YDL028C
826,YDL029W
827,YDL030W
828,YDL031W
829,YDL032W
830,YDL033C
831,YDL034W
832,YDL035C
833,YDL036C
834,YDL037C
835,YDL039C
836,YDL040C
837,YDL041W
838,YDL042C
839,YDL043C
840,YDL044C
841,YDL045C
842,YDL045W-A
843,YDL046W
844,YDL047W
845,YDL048C
846,YDL049C
847,YDL050C
848,YDL051W
849,YDL052C
850,YDL053C
851,YDL054C
852,YDL055C
853,YDL056W
854,YDL057W
855,YDL058W
856,YDL059C
857,YDL060W
858,YDL061C
859,YDL062W
860,YDL063C
861,YDL064W
862,YDL065C
863,YDL066W
864,YDL067C
865,YDL068W
866,YDL069C
867,YDL070W
868,YDL071C
869,YDL072C
870,YDL073W
871,YDL074C
872,YDL075W
873,YDL076C
874,YDL077C
875,YDL078C
876,YDL079C
877,YDL080C
878,YDL081C
879,YDL082W
880,YDL083C
881,YDL084W
882,YDL085C-A
883,YDL085W
884,YDL086C-A
885,YDL086W
886,YDL087C
887,YDL088C
888,YDL089W
889,YDL090C
890,YDL091C
891,YDL092W
892,YDL093W
893,YDL094C
894,YDL095W
895,YDL096C
896,YDL097C
897,YDL098C
898,YDL099W
899,YDL100C
900,YDL101C
901,YDL102W
902,YDL103C
903,YDL104C
904,YDL105W
905,YDL106C
906,YDL107W
907,YDL108W
908,YDL109C
909,YDL110C
910,YDL111C
911,YDL112W
912,YDL113C
913,YDL114W
914,YDL114W-A
915,YDL115C
916,YDL116W
917,YDL117W
918,YDL118W
919,YDL119C
920,YDL120W
921,YDL121C
922,YDL122W
923,YDL123W
924,YDL124W
925,YDL125C
926,YDL126C
927,YDL127W
928,YDL128W
929,YDL129W
930,YDL130W
931,YDL130W-A
932,YDL131W
933,YDL132W
934,YDL133C-A
935,YDL133W
936,YDL134C
937,YDL135C
938,YDL136W
939,YDL137W
940,YDL138W
941,YDL139C
942,YDL140C
943,YDL141W
944,YDL142C
945,YDL143W
946,YDL144C
947,YDL145C
948,YDL146W
949,YDL147W
950,YDL148C
951,YDL149W
952,YDL150W
953,YDL151C
954,YDL152W
955,YDL153C
956,YDL154W
957,YDL155W
958,YDL156W
959,YDL157C
960,YDL158C
961,YDL159C-B
962,YDL159W
963,YDL159W-A
964,YDL160C
965,YDL160C-A
966,YDL161W
967,YDL162C
968,YDL163W
969,YDL164C
970,YDL165W
971,YDL166C
972,YDL167C
973,YDL168W
974,YDL169C
975,YDL170W
976,YDL171C
977,YDL172C
978,YDL173W
979,YDL174C
980,YDL175C
981,YDL176W
982,YDL177C
983,YDL178W
984,YDL179W
985,YDL180W
986,YDL181W
987,YDL182W
988,YDL183C
989,YDL184C
990,YDL185C-A
991,YDL185W
992,YDL186W
993,YDL187C
994,YDL188C
995,YDL189W
996,YDL190C
997,YDL191W
998,YDL192W
999,YDL193W
1000,YDL194W
1001,YDL195W
1002,YDL196W
1003,YDL197C
1004,YDL198C
1005,YDL199C
1006,YDL200C
1007,YDL201W
1008,YDL202W
1009,YDL203C
1010,YDL204W
1011,YDL205C
1012,YDL206W
1013,YDL207W
1014,YDL208W
1015,YDL209C
1016,YDL210W
1017,YDL211C
1018,YDL212W
1019,YDL213C
1020,YDL214C
1021,YDL215C
1022,YDL216C
1023,YDL217C
1024,YDL218W
1025,YDL219W
1026,YDL220C
1027,YDL221W
1028,YDL222C
1029,YDL223C
1030,YDL224C
1031,YDL225W
1032,YDL226C
1033,YDL227C
1034,YDL228C
1035,YDL229W
1036,YDL230W
1037,YDL231C
1038,YDL232W
1039,YDL233W
1040,YDL234C
1041,YDL235C
1042,YDL236W
1043,YDL237W
1044,YDL238C
1045,YDL239C
1046,YDL240C-A
1047,YDL240W
1048,YDL241W
1049,YDL242W
1050,YDL243C
1051,YDL244W
1052,YDL245C
1053,YDL246C
1054,YDL247W
1055,YDL247W-A
1056,YDL248W
1057,YDR001C
1058,YDR002W
1059,YDR003W
1060,YDR003W-A
1061,YDR004W
1062,YDR005C
1063,YDR006C
1064,YDR007W
1065,YDR008C
1066,YDR009W
1067,YDR010C
1068,YDR011W
1069,YDR012W
1070,YDR013W
1071,YDR014W
1072,YDR014W-A
1073,YDR015C
1074,YDR016C
1075,YDR017C
1076,YDR018C
1077,YDR019C
1078,YDR020C
1079,YDR021W
1080,YDR022C
1081,YDR023W
1082,YDR024W
1083,YDR025W
1084,YDR026C
1085,YDR027C
1086,YDR028C
1087,YDR029W
1088,YDR030C
1089,YDR031W
1090,YDR032C
1091,YDR033W
1092,YDR034C
1093,YDR034C-A
1094,YDR034C-C
1095,YDR034C-D
1096,YDR034W-B
1097,YDR035W
1098,YDR036C
1099,YDR037W
1100,YDR038C
1101,YDR039C
1102,YDR040C
1103,YDR041W
1104,YDR042C
1105,YDR043C
1106,YDR044W
1107,YDR045C
1108,YDR046C
1109,YDR047W
1110,YDR048C
1111,YDR049W
1112,YDR050C
1113,YDR051C
1114,YDR052C
1115,YDR053W
1116,YDR054C
1117,YDR055W
1118,YDR056C
1119,YDR057W
1120,YDR058C
1121,YDR059C
1122,YDR060W
1123,YDR061W
1124,YDR062W
1125,YDR063W
1126,YDR064W
1127,YDR065W
1128,YDR066C
1129,YDR067C
1130,YDR068W
1131,YDR069C
1132,YDR070C
1133,YDR071C
1134,YDR072C
1135,YDR073W
1136,YDR074W
1137,YDR075W
1138,YDR076W
1139,YDR077W
1140,YDR078C
1141,YDR079C-A
1142,YDR079W
1143,YDR080W
1144,YDR081C
1145,YDR082W
1146,YDR083W
1147,YDR084C
1148,YDR085C
1149,YDR086C
1150,YDR087C
1151,YDR088C
1152,YDR089W
1153,YDR090C
1154,YDR091C
1155,YDR092W
1156,YDR093W
1157,YDR094W
1158,YDR095C
1159,YDR096W
1160,YDR097C
1161,YDR098C
1162,YDR098C-A
1163,YDR098C-B
1164,YDR099W
1165,YDR100W
1166,YDR101C
1167,YDR102C
1168,YDR103W
1169,YDR104C
1170,YDR105C
1171,YDR106W
1172,YDR107C
1173,YDR108W
1174,YDR109C
1175,YDR110W
1176,YDR111C
1177,YDR112W
1178,YDR113C
1179,YDR114C
1180,YDR115W
1181,YDR116C
1182,YDR117C
1183,YDR118W
1184,YDR118W-A
1185,YDR119W
1186,YDR119W-A
1187,YDR120C
1188,YDR121W
1189,YDR122W
1190,YDR123C
1191,YDR124W
1192,YDR125C
1193,YDR126W
1194,YDR127W
1195,YDR128W
1196,YDR129C
1197,YDR130C
1198,YDR131C
1199,YDR132C
1200,YDR133C
1201,YDR135C
1202,YDR136C
1203,YDR137W
1204,YDR138W
1205,YDR139C
1206,YDR140W
1207,YDR141C
1208,YDR142C
1209,YDR143C
1210,YDR144C
1211,YDR145W
1212,YDR146C
1213,YDR147W
1214,YDR148C
1215,YDR149C
1216,YDR150W
1217,YDR151C
1218,YDR152W
1219,YDR153C
1220,YDR154C
1221,YDR155C
1222,YDR156W
1223,YDR157W
1224,YDR158W
1225,YDR159W
1226,YDR160W
1227,YDR161W
1228,YDR162C
1229,YDR163W
1230,YDR164C
1231,YDR165W
1232,YDR166C
1233,YDR167W
1234,YDR168W
1235,YDR169C
1236,YDR169C-A
1237,YDR170C
1238,YDR170W-A
1239,YDR171W
1240,YDR172W
1241,YDR173C
1242,YDR174W
1243,YDR175C
1244,YDR176W
1245,YDR177W
1246,YDR178W
1247,YDR179C
1248,YDR179W-A
1249,YDR180W
1250,YDR181C
1251,YDR182W
1252,YDR182W-A
1253,YDR183C-A
1254,YDR183W
1255,YDR184C
1256,YDR185C
1257,YDR186C
1258,YDR187C
1259,YDR188W
1260,YDR189W
1261,YDR190C
1262,YDR191W
1263,YDR192C
1264,YDR193W
1265,YDR194C
1266,YDR194W-A
1267,YDR195W
1268,YDR196C
1269,YDR197W
1270,YDR198C
1271,YDR199W
1272,YDR200C
1273,YDR201W
1274,YDR202C
1275,YDR203W
1276,YDR204W
1277,YDR205W
1278,YDR206W
1279,YDR207C
1280,YDR208W
1281,YDR209C
1282,YDR210C-C
1283,YDR210C-D
1284,YDR210W
1285,YDR210W-A
1286,YDR210W-B
1287,YDR211W
1288,YDR212W
1289,YDR213W
1290,YDR214W
1291,YDR215C
1292,YDR216W
1293,YDR217C
1294,YDR218C
1295,YDR219C
1296,YDR220C
1297,YDR221W
1298,YDR222W
1299,YDR223W
1300,YDR224C
1301,YDR225W
1302,YDR226W
1303,YDR227W
1304,YDR228C
1305,YDR229W
1306,YDR230W
1307,YDR231C
1308,YDR232W
1309,YDR233C
1310,YDR234W
1311,YDR235W
1312,YDR236C
1313,YDR237W
1314,YDR238C
1315,YDR239C
1316,YDR240C
1317,YDR241W
1318,YDR242W
1319,YDR243C
1320,YDR244W
1321,YDR245W
1322,YDR246W
1323,YDR246W-A
1324,YDR247W
1325,YDR248C
1326,YDR249C
1327,YDR250C
1328,YDR251W
1329,YDR252W
1330,YDR253C
1331,YDR254W
1332,YDR255C
1333,YDR256C
1334,YDR257C
1335,YDR258C
1336,YDR259C
1337,YDR260C
1338,YDR261C
1339,YDR261C-C
1340,YDR261C-D
1341,YDR261W-A
1342,YDR261W-B
1343,YDR262W
1344,YDR263C
1345,YDR264C
1346,YDR265W
1347,YDR266C
1348,YDR267C
1349,YDR268W
1350,YDR269C
1351,YDR270W
1352,YDR271C
1353,YDR272W
1354,YDR273W
1355,YDR274C
1356,YDR275W
1357,YDR276C
1358,YDR277C
1359,YDR278C
1360,YDR279W
1361,YDR280W
1362,YDR281C
1363,YDR282C
1364,YDR283C
1365,YDR284C
1366,YDR285W
1367,YDR286C
1368,YDR287W
1369,YDR288W
1370,YDR289C
1371,YDR290W
1372,YDR291W
1373,YDR292C
1374,YDR293C
1375,YDR294C
1376,YDR295C
1377,YDR296W
1378,YDR297W
1379,YDR298C
1380,YDR299W
1381,YDR300C
1382,YDR301W
1383,YDR302W
1384,YDR303C
1385,YDR304C
1386,YDR305C
1387,YDR306C
1388,YDR307W
1389,YDR308C
1390,YDR309C
1391,YDR310C
1392,YDR311W
1393,YDR312W
1394,YDR313C
1395,YDR314C
1396,YDR315C
1397,YDR316W
1398,YDR316W-A
1399,YDR316W-B
1400,YDR317W
1401,YDR318W
1402,YDR319C
1403,YDR320C
1404,YDR320C-A
1405,YDR320W-B
1406,YDR321W
1407,YDR322C-A
1408,YDR322W
1409,YDR323C
1410,YDR324C
1411,YDR325W
1412,YDR326C
1413,YDR327W
1414,YDR328C
1415,YDR329C
1416,YDR330W
1417,YDR331W
1418,YDR332W
1419,YDR333C
1420,YDR334W
1421,YDR335W
1422,YDR336W
1423,YDR337W
1424,YDR338C
1425,YDR339C
1426,YDR340W
1427,YDR341C
1428,YDR342C
1429,YDR343C
1430,YDR344C
1431,YDR345C
1432,YDR346C
1433,YDR347W
1434,YDR348C
1435,YDR349C
1436,YDR350C
1437,YDR351W
1438,YDR352W
1439,YDR353W
1440,YDR354C-A
1441,YDR354W
1442,YDR355C
1443,YDR356W
1444,YDR357C
1445,YDR358W
1446,YDR359C
1447,YDR360W
1448,YDR361C
1449,YDR362C
1450,YDR363W
1451,YDR363W-A
1452,YDR364C
1453,YDR365C
1454,YDR365W-A
1455,YDR365W-B
1456,YDR366C
1457,YDR367W
1458,YDR368W
1459,YDR369C
1460,YDR370C
1461,YDR371C-A
1462,YDR371W
1463,YDR372C
1464,YDR373W
1465,YDR374C
1466,YDR374W-A
1467,YDR375C
1468,YDR376W
1469,YDR377W
1470,YDR378C
1471,YDR379C-A
1472,YDR379W
1473,YDR380W
1474,YDR381C-A
1475,YDR381W
1476,YDR382W
1477,YDR383C
1478,YDR384C
1479,YDR385W
1480,YDR386W
1481,YDR387C
1482,YDR388W
1483,YDR389W
1484,YDR390C
1485,YDR391C
1486,YDR392W
1487,YDR393W
1488,YDR394W
1489,YDR395W
1490,YDR396W
1491,YDR397C
1492,YDR398W
1493,YDR399W
1494,YDR400W
1495,YDR401W
1496,YDR402C
1497,YDR403W
1498,YDR404C
1499,YDR405W
1500,YDR406W
1501,YDR406W-A
1502,YDR407C
1503,YDR408C
1504,YDR409W
1505,YDR410C
1506,YDR411C
1507,YDR412W
1508,YDR413C
1509,YDR414C
1510,YDR415C
1511,YDR416W
1512,YDR417C
1513,YDR418W
1514,YDR419W
1515,YDR420W
1516,YDR421W
1517,YDR422C
1518,YDR423C
1519,YDR424C
1520,YDR425W
1521,YDR426C
1522,YDR427W
1523,YDR428C
1524,YDR429C
1525,YDR430C
1526,YDR431W
1527,YDR432W
1528,YDR433W
1529,YDR434W
1530,YDR435C
1531,YDR436W
1532,YDR437W
1533,YDR438W
1534,YDR439W
1535,YDR440W
1536,YDR441C
1537,YDR442W
1538,YDR443C
1539,YDR444W
1540,YDR445C
1541,YDR446W
1542,YDR447C
1543,YDR448W
1544,YDR449C
1545,YDR450W
1546,YDR451C
1547,YDR452W
1548,YDR453C
1549,YDR454C
1550,YDR455C
1551,YDR456W
1552,YDR457W
1553,YDR458C
1554,YDR459C
1555,YDR460W
1556,YDR461C-A
1557,YDR461W
1558,YDR462W
1559,YDR463W
1560,YDR464C-A
1561,YDR464W
1562,YDR465C
1563,YDR466W
1564,YDR467C
1565,YDR468C
1566,YDR469W
1567,YDR470C
1568,YDR471W
1569,YDR472W
1570,YDR473C
1571,YDR475C
1572,YDR476C
1573,YDR477W
1574,YDR478W
1575,YDR479C
1576,YDR480W
1577,YDR481C
1578,YDR482C
1579,YDR483W
1580,YDR484W
1581,YDR485C
1582,YDR486C
1583,YDR487C
1584,YDR488C
1585,YDR489W
1586,YDR490C
1587,YDR491C
1588,YDR492W
1589,YDR493W
1590,YDR494W
1591,YDR495C
1592,YDR496C
1593,YDR497C
1594,YDR498C
1595,YDR499W
1596,YDR500C
1597,YDR501W
1598,YDR502C
1599,YDR503C
1600,YDR504C
1601,YDR505C
1602,YDR506C
1603,YDR507C
1604,YDR508C
1605,YDR509W
1606,YDR510C-A
1607,YDR510W
1608,YDR511W
1609,YDR512C
1610,YDR513W
1611,YDR514C
1612,YDR515W
1613,YDR516C
1614,YDR517W
1615,YDR518W
1616,YDR519W
1617,YDR520C
1618,YDR521W
1619,YDR522C
1620,YDR523C
1621,YDR524C
1622,YDR524C-A
1623,YDR524C-B
1624,YDR524W-C
1625,YDR525W
1626,YDR525W-A
1627,YDR526C
1628,YDR527W
1629,YDR528W
1630,YDR529C
1631,YDR530C
1632,YDR531W
1633,YDR532C
1634,YDR533C
1635,YDR534C
1636,YDR535C
1637,YDR536W
1638,YDR537C
1639,YDR538W
1640,YDR539W
1641,YDR540C
1642,YDR541C
1643,YDR542W
1644,YDR543C
1645,YDR544C
1646,YDR545C-A
1647,YDR545W
1648,YEL001C
1649,YEL002C
1650,YEL003W
1651,YEL004W
1652,YEL005C
1653,YEL006W
1654,YEL007W
1655,YEL008C-A
1656,YEL008W
1657,YEL009C
1658,YEL009C-A
1659,YEL010W
1660,YEL011W
1661,YEL012W
1662,YEL013W
1663,YEL014C
1664,YEL015W
1665,YEL016C
1666,YEL017C-A
1667,YEL017W
1668,YEL018C-A
1669,YEL018W
1670,YEL019C
1671,YEL020C
1672,YEL020C-B
1673,YEL020W-A
1674,YEL021W
1675,YEL022W
1676,YEL023C
1677,YEL024W
1678,YEL025C
1679,YEL026W
1680,YEL027W
1681,YEL028W
1682,YEL029C
1683,YEL030C-A
1684,YEL030W
1685,YEL031W
1686,YEL032C-A
1687,YEL032W
1688,YEL033W
1689,YEL034C-A
1690,YEL034W
1691,YEL035C
1692,YEL036C
1693,YEL037C
1694,YEL038W
1695,YEL039C
1696,YEL040W
1697,YEL041W
1698,YEL042W
1699,YEL043W
1700,YEL044W
1701,YEL045C
1702,YEL046C
1703,YEL047C
1704,YEL048C
1705,YEL049W
1706,YEL050C
1707,YEL050W-A
1708,YEL051W
1709,YEL052W
1710,YEL053C
1711,YEL053W-A
1712,YEL054C
1713,YEL055C
1714,YEL056W
1715,YEL057C
1716,YEL058W
1717,YEL059C-A
1718,YEL059W
1719,YEL060C
1720,YEL061C
1721,YEL062W
1722,YEL063C
1723,YEL064C
1724,YEL065W
1725,YEL066W
1726,YEL067C
1727,YEL068C
1728,YEL069C
1729,YEL070W
1730,YEL071W
1731,YEL072W
1732,YEL073C
1733,YEL074W
1734,YEL075C
1735,YEL075W-A
1736,YEL076C
1737,YEL076C-A
1738,YEL077C
1739,YEL077W-A
1740,YER001W
1741,YER002W
1742,YER003C
1743,YER004W
1744,YER005W
1745,YER006C-A
1746,YER006W
1747,YER007C-A
1748,YER007W
1749,YER008C
1750,YER009W
1751,YER010C
1752,YER011W
1753,YER012W
1754,YER013W
1755,YER014C-A
1756,YER014W
1757,YER015W
1758,YER016W
1759,YER017C
1760,YER018C
1761,YER019C-A
1762,YER019W
1763,YER020W
1764,YER021W
1765,YER022W
1766,YER023C-A
1767,YER023W
1768,YER024W
1769,YER025W
1770,YER026C
1771,YER027C
1772,YER028C
1773,YER029C
1774,YER030W
1775,YER031C
1776,YER032W
1777,YER033C
1778,YER034W
1779,YER035W
1780,YER036C
1781,YER037W
1782,YER038C
1783,YER038W-A
1784,YER039C
1785,YER039C-A
1786,YER040W
1787,YER041W
1788,YER042W
1789,YER043C
1790,YER044C
1791,YER044C-A
1792,YER045C
1793,YER046W
1794,YER046W-A
1795,YER047C
1796,YER048C
1797,YER048W-A
1798,YER049W
1799,YER050C
1800,YER051W
1801,YER052C
1802,YER053C
1803,YER053C-A
1804,YER054C
1805,YER055C
1806,YER056C
1807,YER056C-A
1808,YER057C
1809,YER058W
1810,YER059W
1811,YER060W
1812,YER060W-A
1813,YER061C
1814,YER062C
1815,YER063W
1816,YER064C
1817,YER065C
1818,YER066C-A
1819,YER066W
1820,YER067C-A
1821,YER067W
1822,YER068C-A
1823,YER068W
1824,YER069W
1825,YER070W
1826,YER071C
1827,YER072W
1828,YER073W
1829,YER074W
1830,YER074W-A
1831,YER075C
1832,YER076C
1833,YER076W-A
1834,YER077C
1835,YER078C
1836,YER078W-A
1837,YER079C-A
1838,YER079W
1839,YER080W
1840,YER081W
1841,YER082C
1842,YER083C
1843,YER084W
1844,YER084W-A
1845,YER085C
1846,YER086W
1847,YER087C-A
1848,YER087C-B
1849,YER087W
1850,YER088C
1851,YER088C-A
1852,YER088W-B
1853,YER089C
1854,YER090C-A
1855,YER090W
1856,YER091C
1857,YER091C-A
1858,YER092W
1859,YER093C
1860,YER093C-A
1861,YER094C
1862,YER095W
1863,YER096W
1864,YER097W
1865,YER098W
1866,YER099C
1867,YER100W
1868,YER101C
1869,YER102W
1870,YER103W
1871,YER104W
1872,YER105C
1873,YER106W
1874,YER107C
1875,YER107W-A
1876,YER109C
1877,YER110C
1878,YER111C
1879,YER112W
1880,YER113C
1881,YER114C
1882,YER115C
1883,YER116C
1884,YER117W
1885,YER118C
1886,YER119C
1887,YER119C-A
1888,YER120W
1889,YER121W
1890,YER122C
1891,YER123W
1892,YER124C
1893,YER125W
1894,YER126C
1895,YER127W
1896,YER128W
1897,YER129W
1898,YER130C
1899,YER131W
1900,YER132C
1901,YER133W
1902,YER133W-A
1903,YER134C
1904,YER135C
1905,YER136W
1906,YER137C
1907,YER137C-A
1908,YER137W-A
1909,YER138C
1910,YER138W-A
1911,YER139C
1912,YER140W
1913,YER141W
1914,YER142C
1915,YER143W
1916,YER144C
1917,YER145C
1918,YER145C-A
1919,YER146W
1920,YER147C
1921,YER147C-A
1922,YER148W
1923,YER148W-A
1924,YER149C
1925,YER150W
1926,YER151C
1927,YER152C
1928,YER152W-A
1929,YER153C
1930,YER154W
1931,YER155C
1932,YER156C
1933,YER157W
1934,YER158C
1935,YER158W-A
1936,YER159C
1937,YER159C-A
1938,YER160C
1939,YER161C
1940,YER162C
1941,YER163C
1942,YER164W
1943,YER165C-A
1944,YER165W
1945,YER166W
1946,YER167W
1947,YER168C
1948,YER169W
1949,YER170W
1950,YER171W
1951,YER172C
1952,YER172C-A
1953,YER173W
1954,YER174C
1955,YER175C
1956,YER175W-A
1957,YER176W
1958,YER177W
1959,YER178W
1960,YER179W
1961,YER180C
1962,YER180C-A
1963,YER181C
1964,YER182W
1965,YER183C
1966,YER184C
1967,YER185W
1968,YER186C
1969,YER187W
1970,YER188C-A
1971,YER188W
1972,YER189W
1973,YER190C-A
1974,YER190C-B
1975,YER190W
1976,YFL001W
1977,YFL002C
1978,YFL002W-A
1979,YFL002W-B
1980,YFL003C
1981,YFL004W
1982,YFL005W
1983,YFL007W
1984,YFL008W
1985,YFL009W
1986,YFL010C
1987,YFL010W-A
1988,YFL011W
1989,YFL012W
1990,YFL012W-A
1991,YFL013C
1992,YFL013W-A
1993,YFL014W
1994,YFL015C
1995,YFL015W-A
1996,YFL016C
1997,YFL017C
1998,YFL017W-A
1999,YFL018C
2000,YFL019C
2001,YFL020C
2002,YFL021C-A
2003,YFL021W
2004,YFL022C
2005,YFL023W
2006,YFL024C
2007,YFL025C
2008,YFL026W
2009,YFL027C
2010,YFL028C
2011,YFL029C
2012,YFL030W
2013,YFL031C-A
2014,YFL031W
2015,YFL032W
2016,YFL033C
2017,YFL034C-A
2018,YFL034C-B
2019,YFL034W
2020,YFL036W
2021,YFL037W
2022,YFL038C
2023,YFL039C
2024,YFL040W
2025,YFL041W
2026,YFL041W-A
2027,YFL042C
2028,YFL044C
2029,YFL045C
2030,YFL046W
2031,YFL047W
2032,YFL048C
2033,YFL049W
2034,YFL050C
2035,YFL051C
2036,YFL052W
2037,YFL053W
2038,YFL054C
2039,YFL055W
2040,YFL056C
2041,YFL057C
2042,YFL058W
2043,YFL059W
2044,YFL060C
2045,YFL061W
2046,YFL062W
2047,YFL063W
2048,YFL064C
2049,YFL065C
2050,YFL066C
2051,YFL067W
2052,YFL068W
2053,YFR001W
2054,YFR002W
2055,YFR003C
2056,YFR004W
2057,YFR005C
2058,YFR006W
2059,YFR007W
2060,YFR008W
2061,YFR009W
2062,YFR009W-A
2063,YFR010W
2064,YFR010W-A
2065,YFR011C
2066,YFR012W
2067,YFR012W-A
2068,YFR013W
2069,YFR014C
2070,YFR015C
2071,YFR016C
2072,YFR017C
2073,YFR018C
2074,YFR019W
2075,YFR020W
2076,YFR021W
2077,YFR022W
2078,YFR023W
2079,YFR024C-A
2080,YFR025C
2081,YFR026C
2082,YFR027W
2083,YFR028C
2084,YFR029W
2085,YFR030W
2086,YFR031C
2087,YFR031C-A
2088,YFR032C
2089,YFR032C-A
2090,YFR032C-B
2091,YFR033C
2092,YFR034C
2093,YFR034W-A
2094,YFR035C
2095,YFR036W
2096,YFR036W-A
2097,YFR037C
2098,YFR038W
2099,YFR039C
2100,YFR040W
2101,YFR041C
2102,YFR042W
2103,YFR043C
2104,YFR044C
2105,YFR045W
2106,YFR046C
2107,YFR047C
2108,YFR048W
2109,YFR049W
2110,YFR050C
2111,YFR051C
2112,YFR052C-A
2113,YFR052W
2114,YFR053C
2115,YFR054C
2116,YFR055W
2117,YFR056C
2118,YFR057W
2119,YGL001C
2120,YGL002W
2121,YGL003C
2122,YGL004C
2123,YGL005C
2124,YGL006W
2125,YGL006W-A
2126,YGL007C-A
2127,YGL007W
2128,YGL008C
2129,YGL009C
2130,YGL010W
2131,YGL011C
2132,YGL012W
2133,YGL013C
2134,YGL014C-A
2135,YGL014W
2136,YGL015C
2137,YGL016W
2138,YGL017W
2139,YGL018C
2140,YGL019W
2141,YGL020C
2142,YGL021W
2143,YGL022W
2144,YGL023C
2145,YGL024W
2146,YGL025C
2147,YGL026C
2148,YGL027C
2149,YGL028C
2150,YGL029W
2151,YGL030W
2152,YGL031C
2153,YGL032C
2154,YGL033W
2155,YGL034C
2156,YGL035C
2157,YGL036W
2158,YGL037C
2159,YGL038C
2160,YGL039W
2161,YGL040C
2162,YGL041C
2163,YGL041C-B
2164,YGL041W-A
2165,YGL042C
2166,YGL043W
2167,YGL044C
2168,YGL045W
2169,YGL047W
2170,YGL048C
2171,YGL049C
2172,YGL050W
2173,YGL051W
2174,YGL052W
2175,YGL053W
2176,YGL054C
2177,YGL055W
2178,YGL056C
2179,YGL057C
2180,YGL058W
2181,YGL059W
2182,YGL060W
2183,YGL061C
2184,YGL062W
2185,YGL063C-A
2186,YGL063W
2187,YGL064C
2188,YGL065C
2189,YGL066W
2190,YGL067W
2191,YGL068W
2192,YGL069C
2193,YGL070C
2194,YGL071W
2195,YGL072C
2196,YGL073W
2197,YGL074C
2198,YGL075C
2199,YGL076C
2200,YGL077C
2201,YGL078C
2202,YGL079W
2203,YGL080W
2204,YGL081W
2205,YGL082W
2206,YGL083W
2207,YGL084C
2208,YGL085W
2209,YGL086W
2210,YGL087C
2211,YGL088W
2212,YGL089C
2213,YGL090W
2214,YGL091C
2215,YGL092W
2216,YGL093W
2217,YGL094C
2218,YGL095C
2219,YGL096W
2220,YGL097W
2221,YGL098W
2222,YGL099W
2223,YGL100W
2224,YGL101W
2225,YGL102C
2226,YGL103W
2227,YGL104C
2228,YGL105W
2229,YGL106W
2230,YGL107C
2231,YGL108C
2232,YGL109W
2233,YGL110C
2234,YGL111W
2235,YGL112C
2236,YGL113W
2237,YGL114W
2238,YGL115W
2239,YGL116W
2240,YGL117W
2241,YGL118C
2242,YGL119W
2243,YGL120C
2244,YGL121C
2245,YGL122C
2246,YGL123C-A
2247,YGL123W
2248,YGL124C
2249,YGL125W
2250,YGL126W
2251,YGL127C
2252,YGL128C
2253,YGL129C
2254,YGL130W
2255,YGL131C
2256,YGL132W
2257,YGL133W
2258,YGL134W
2259,YGL135W
2260,YGL136C
2261,YGL137W
2262,YGL138C
2263,YGL139W
2264,YGL140C
2265,YGL141W
2266,YGL142C
2267,YGL143C
2268,YGL144C
2269,YGL145W
2270,YGL146C
2271,YGL147C
2272,YGL148W
2273,YGL149W
2274,YGL150C
2275,YGL151W
2276,YGL152C
2277,YGL153W
2278,YGL154C
2279,YGL155W
2280,YGL156W
2281,YGL157W
2282,YGL158W
2283,YGL159W
2284,YGL160W
2285,YGL161C
2286,YGL162W
2287,YGL163C
2288,YGL164C
2289,YGL165C
2290,YGL166W
2291,YGL167C
2292,YGL168W
2293,YGL169W
2294,YGL170C
2295,YGL171W
2296,YGL172W
2297,YGL173C
2298,YGL174W
2299,YGL175C
2300,YGL176C
2301,YGL177W
2302,YGL178W
2303,YGL179C
2304,YGL180W
2305,YGL181W
2306,YGL182C
2307,YGL183C
2308,YGL184C
2309,YGL185C
2310,YGL186C
2311,YGL187C
2312,YGL188C
2313,YGL188C-A
2314,YGL189C
2315,YGL190C
2316,YGL191W
2317,YGL192W
2318,YGL193C
2319,YGL194C
2320,YGL194C-A
2321,YGL195W
2322,YGL196W
2323,YGL197W
2324,YGL198W
2325,YGL199C
2326,YGL200C
2327,YGL201C
2328,YGL202W
2329,YGL203C
2330,YGL204C
2331,YGL205W
2332,YGL206C
2333,YGL207W
2334,YGL208W
2335,YGL209W
2336,YGL210W
2337,YGL211W
2338,YGL212W
2339,YGL213C
2340,YGL214W
2341,YGL215W
2342,YGL216W
2343,YGL217C
2344,YGL218W
2345,YGL219C
2346,YGL220W
2347,YGL221C
2348,YGL222C
2349,YGL223C
2350,YGL224C
2351,YGL225W
2352,YGL226C-A
2353,YGL226W
2354,YGL227W
2355,YGL228W
2356,YGL229C
2357,YGL230C
2358,YGL231C
2359,YGL232W
2360,YGL233W
2361,YGL234W
2362,YGL235W
2363,YGL236C
2364,YGL237C
2365,YGL238W
2366,YGL239C
2367,YGL240W
2368,YGL241W
2369,YGL242C
2370,YGL243W
2371,YGL244W
2372,YGL245W
2373,YGL246C
2374,YGL247W
2375,YGL248W
2376,YGL249W
2377,YGL250W
2378,YGL251C
2379,YGL252C
2380,YGL253W
2381,YGL254W
2382,YGL255W
2383,YGL256W
2384,YGL257C
2385,YGL258W
2386,YGL258W-A
2387,YGL259W
2388,YGL260W
2389,YGL261C
2390,YGL262W
2391,YGL263W
2392,YGR001C
2393,YGR002C
2394,YGR003W
2395,YGR004W
2396,YGR005C
2397,YGR006W
2398,YGR007W
2399,YGR008C
2400,YGR009C
2401,YGR010W
2402,YGR011W
2403,YGR012W
2404,YGR013W
2405,YGR014W
2406,YGR015C
2407,YGR016W
2408,YGR017W
2409,YGR018C
2410,YGR019W
2411,YGR020C
2412,YGR021W
2413,YGR022C
2414,YGR023W
2415,YGR024C
2416,YGR025W
2417,YGR026W
2418,YGR027C
2419,YGR027W-A
2420,YGR027W-B
2421,YGR028W
2422,YGR029W
2423,YGR030C
2424,YGR031C-A
2425,YGR031W
2426,YGR032W
2427,YGR033C
2428,YGR034W
2429,YGR035C
2430,YGR035W-A
2431,YGR036C
2432,YGR037C
2433,YGR038C-A
2434,YGR038C-B
2435,YGR038W
2436,YGR039W
2437,YGR040W
2438,YGR041W
2439,YGR042W
2440,YGR043C
2441,YGR044C
2442,YGR045C
2443,YGR046W
2444,YGR047C
2445,YGR048W
2446,YGR049W
2447,YGR050C
2448,YGR051C
2449,YGR052W
2450,YGR053C
2451,YGR054W
2452,YGR055W
2453,YGR056W
2454,YGR057C
2455,YGR058W
2456,YGR059W
2457,YGR060W
2458,YGR061C
2459,YGR062C
2460,YGR063C
2461,YGR064W
2462,YGR065C
2463,YGR066C
2464,YGR067C
2465,YGR068C
2466,YGR068W-A
2467,YGR069W
2468,YGR070W
2469,YGR071C
2470,YGR072W
2471,YGR073C
2472,YGR074W
2473,YGR075C
2474,YGR076C
2475,YGR077C
2476,YGR078C
2477,YGR079W
2478,YGR080W
2479,YGR081C
2480,YGR082W
2481,YGR083C
2482,YGR084C
2483,YGR085C
2484,YGR086C
2485,YGR087C
2486,YGR088W
2487,YGR089W
2488,YGR090W
2489,YGR091W
2490,YGR092W
2491,YGR093W
2492,YGR094W
2493,YGR095C
2494,YGR096W
2495,YGR097W
2496,YGR098C
2497,YGR099W
2498,YGR100W
2499,YGR101W
2500,YGR102C
2501,YGR103W
2502,YGR104C
2503,YGR105W
2504,YGR106C
2505,YGR107W
2506,YGR108W
2507,YGR109C
2508,YGR109W-A
2509,YGR109W-B
2510,YGR110W
2511,YGR111W
2512,YGR112W
2513,YGR113W
2514,YGR114C
2515,YGR115C
2516,YGR116W
2517,YGR117C
2518,YGR118W
2519,YGR119C
2520,YGR120C
2521,YGR121C
2522,YGR121W-A
2523,YGR122C-A
2524,YGR122W
2525,YGR123C
2526,YGR124W
2527,YGR125W
2528,YGR126W
2529,YGR127W
2530,YGR128C
2531,YGR129W
2532,YGR130C
2533,YGR131W
2534,YGR132C
2535,YGR133W
2536,YGR134W
2537,YGR135W
2538,YGR136W
2539,YGR137W
2540,YGR138C
2541,YGR139W
2542,YGR140W
2543,YGR141W
2544,YGR142W
2545,YGR143W
2546,YGR144W
2547,YGR145W
2548,YGR146C
2549,YGR146C-A
2550,YGR147C
2551,YGR148C
2552,YGR149W
2553,YGR150C
2554,YGR151C
2555,YGR152C
2556,YGR153W
2557,YGR154C
2558,YGR155W
2559,YGR156W
2560,YGR157W
2561,YGR158C
2562,YGR159C
2563,YGR160W
2564,YGR161C
2565,YGR161C-C
2566,YGR161C-D
2567,YGR161W-A
2568,YGR161W-B
2569,YGR161W-C
2570,YGR162W
2571,YGR163W
2572,YGR164W
2573,YGR165W
2574,YGR166W
2575,YGR167W
2576,YGR168C
2577,YGR169C
2578,YGR169C-A
2579,YGR170W
2580,YGR171C
2581,YGR172C
2582,YGR173W
2583,YGR174C
2584,YGR174W-A
2585,YGR175C
2586,YGR176W
2587,YGR177C
2588,YGR178C
2589,YGR179C
2590,YGR180C
2591,YGR181W
2592,YGR182C
2593,YGR183C
2594,YGR184C
2595,YGR185C
2596,YGR186W
2597,YGR187C
2598,YGR188C
2599,YGR189C
2600,YGR190C
2601,YGR191W
2602,YGR192C
2603,YGR193C
2604,YGR194C
2605,YGR195W
2606,YGR196C
2607,YGR197C
2608,YGR198W
2609,YGR199W
2610,YGR200C
2611,YGR201C
2612,YGR202C
2613,YGR203W
2614,YGR204C-A
2615,YGR204W
2616,YGR205W
2617,YGR206W
2618,YGR207C
2619,YGR208W
2620,YGR209C
2621,YGR210C
2622,YGR211W
2623,YGR212W
2624,YGR213C
2625,YGR214W
2626,YGR215W
2627,YGR216C
2628,YGR217W
2629,YGR218W
2630,YGR219W
2631,YGR220C
2632,YGR221C
2633,YGR222W
2634,YGR223C
2635,YGR224W
2636,YGR225W
2637,YGR226C
2638,YGR227W
2639,YGR228W
2640,YGR229C
2641,YGR230W
2642,YGR231C
2643,YGR232W
2644,YGR233C
2645,YGR234W
2646,YGR235C
2647,YGR236C
2648,YGR237C
2649,YGR238C
2650,YGR239C
2651,YGR240C
2652,YGR240C-A
2653,YGR241C
2654,YGR242W
2655,YGR243W
2656,YGR244C
2657,YGR245C
2658,YGR246C
2659,YGR247W
2660,YGR248W
2661,YGR249W
2662,YGR250C
2663,YGR251W
2664,YGR252W
2665,YGR253C
2666,YGR254W
2667,YGR255C
2668,YGR256W
2669,YGR257C
2670,YGR258C
2671,YGR259C
2672,YGR260W
2673,YGR261C
2674,YGR262C
2675,YGR263C
2676,YGR264C
2677,YGR265W
2678,YGR266W
2679,YGR267C
2680,YGR268C
2681,YGR269W
2682,YGR270C-A
2683,YGR270W
2684,YGR271C-A
2685,YGR271W
2686,YGR273C
2687,YGR274C
2688,YGR275W
2689,YGR276C
2690,YGR277C
2691,YGR278W
2692,YGR279C
2693,YGR280C
2694,YGR281W
2695,YGR282C
2696,YGR283C
2697,YGR284C
2698,YGR285C
2699,YGR286C
2700,YGR287C
2701,YGR288W
2702,YGR289C
2703,YGR290W
2704,YGR291C
2705,YGR292W
2706,YGR293C
2707,YGR294W
2708,YGR295C
2709,YGR296C-A
2710,YGR296C-B
2711,YGR296W
2712,YHL001W
2713,YHL002C-A
2714,YHL002W
2715,YHL003C
2716,YHL004W
2717,YHL005C
2718,YHL006C
2719,YHL006W-A
2720,YHL007C
2721,YHL008C
2722,YHL009C
2723,YHL009W-A
2724,YHL009W-B
2725,YHL010C
2726,YHL011C
2727,YHL012W
2728,YHL013C
2729,YHL014C
2730,YHL015W
2731,YHL015W-A
2732,YHL016C
2733,YHL017W
2734,YHL018W
2735,YHL019C
2736,YHL019W-A
2737,YHL020C
2738,YHL021C
2739,YHL022C
2740,YHL023C
2741,YHL024W
2742,YHL025W
2743,YHL026C
2744,YHL027W
2745,YHL028W
2746,YHL029C
2747,YHL030W
2748,YHL030W-A
2749,YHL031C
2750,YHL032C
2751,YHL033C
2752,YHL034C
2753,YHL034W-A
2754,YHL035C
2755,YHL036W
2756,YHL037C
2757,YHL038C
2758,YHL039W
2759,YHL040C
2760,YHL041W
2761,YHL042W
2762,YHL043W
2763,YHL044W
2764,YHL045W
2765,YHL046C
2766,YHL046W-A
2767,YHL047C
2768,YHL048C-A
2769,YHL048W
2770,YHL049C
2771,YHL050C
2772,YHL050W-A
2773,YHR001W
2774,YHR001W-A
2775,YHR002W
2776,YHR003C
2777,YHR004C
2778,YHR005C
2779,YHR005C-A
2780,YHR006W
2781,YHR007C
2782,YHR007C-A
2783,YHR008C
2784,YHR009C
2785,YHR010W
2786,YHR011W
2787,YHR012W
2788,YHR013C
2789,YHR014W
2790,YHR015W
2791,YHR016C
2792,YHR017W
2793,YHR018C
2794,YHR019C
2795,YHR020W
2796,YHR021C
2797,YHR021W-A
2798,YHR022C
2799,YHR022C-A
2800,YHR023W
2801,YHR024C
2802,YHR025W
2803,YHR026W
2804,YHR027C
2805,YHR028C
2806,YHR028W-A
2807,YHR029C
2808,YHR030C
2809,YHR031C
2810,YHR032C-A
2811,YHR032W
2812,YHR032W-A
2813,YHR033W
2814,YHR034C
2815,YHR035W
2816,YHR036W
2817,YHR037W
2818,YHR038W
2819,YHR039C
2820,YHR039C-A
2821,YHR040W
2822,YHR041C
2823,YHR042W
2824,YHR043C
2825,YHR044C
2826,YHR045W
2827,YHR046C
2828,YHR047C
2829,YHR048W
2830,YHR049C-A
2831,YHR049W
2832,YHR050W
2833,YHR050W-A
2834,YHR051W
2835,YHR052W
2836,YHR052W-A
2837,YHR053C
2838,YHR054C
2839,YHR054W-A
2840,YHR055C
2841,YHR056C
2842,YHR056W-A
2843,YHR057C
2844,YHR058C
2845,YHR059W
2846,YHR060W
2847,YHR061C
2848,YHR062C
2849,YHR063C
2850,YHR063W-A
2851,YHR064C
2852,YHR065C
2853,YHR066W
2854,YHR067W
2855,YHR068W
2856,YHR069C
2857,YHR069C-A
2858,YHR070C-A
2859,YHR070W
2860,YHR071C-A
2861,YHR071W
2862,YHR072W
2863,YHR072W-A
2864,YHR073C-B
2865,YHR073W
2866,YHR073W-A
2867,YHR074W
2868,YHR075C
2869,YHR076W
2870,YHR077C
2871,YHR078W
2872,YHR079C
2873,YHR079C-A
2874,YHR080C
2875,YHR081W
2876,YHR082C
2877,YHR083W
2878,YHR084W
2879,YHR085W
2880,YHR086W
2881,YHR086W-A
2882,YHR087W
2883,YHR088W
2884,YHR089C
2885,YHR090C
2886,YHR091C
2887,YHR092C
2888,YHR093W
2889,YHR094C
2890,YHR095W
2891,YHR096C
2892,YHR097C
2893,YHR098C
2894,YHR099W
2895,YHR100C
2896,YHR101C
2897,YHR102W
2898,YHR103W
2899,YHR104W
2900,YHR105W
2901,YHR106W
2902,YHR107C
2903,YHR108W
2904,YHR109W
2905,YHR110W
2906,YHR111W
2907,YHR112C
2908,YHR113W
2909,YHR114W
2910,YHR115C
2911,YHR116W
2912,YHR117W
2913,YHR118C
2914,YHR119W
2915,YHR120W
2916,YHR121W
2917,YHR122W
2918,YHR123W
2919,YHR124W
2920,YHR125W
2921,YHR126C
2922,YHR127W
2923,YHR128W
2924,YHR129C
2925,YHR130C
2926,YHR131C
2927,YHR131W-A
2928,YHR132C
2929,YHR132W-A
2930,YHR133C
2931,YHR134W
2932,YHR135C
2933,YHR136C
2934,YHR137C-A
2935,YHR137W
2936,YHR138C
2937,YHR139C
2938,YHR139C-A
2939,YHR140W
2940,YHR141C
2941,YHR142W
2942,YHR143W
2943,YHR143W-A
2944,YHR144C
2945,YHR145C
2946,YHR146W
2947,YHR147C
2948,YHR148W
2949,YHR149C
2950,YHR150W
2951,YHR151C
2952,YHR152W
2953,YHR153C
2954,YHR154W
2955,YHR155W
2956,YHR156C
2957,YHR157W
2958,YHR158C
2959,YHR159W
2960,YHR160C
2961,YHR161C
2962,YHR162W
2963,YHR163W
2964,YHR164C
2965,YHR165C
2966,YHR165W-A
2967,YHR166C
2968,YHR167W
2969,YHR168W
2970,YHR169W
2971,YHR170W
2972,YHR171W
2973,YHR172W
2974,YHR173C
2975,YHR174W
2976,YHR175W
2977,YHR175W-A
2978,YHR176W
2979,YHR177W
2980,YHR178W
2981,YHR179W
2982,YHR180C-B
2983,YHR180W
2984,YHR180W-A
2985,YHR181W
2986,YHR182C-A
2987,YHR182W
2988,YHR183W
2989,YHR184W
2990,YHR185C
2991,YHR186C
2992,YHR187W
2993,YHR188C
2994,YHR189W
2995,YHR190W
2996,YHR191C
2997,YHR192W
2998,YHR193C
2999,YHR193C-A
3000,YHR194W
3001,YHR195W
3002,YHR196W
3003,YHR197W
3004,YHR198C
3005,YHR199C
3006,YHR199C-A
3007,YHR200W
3008,YHR201C
3009,YHR202W
3010,YHR203C
3011,YHR204W
3012,YHR205W
3013,YHR206W
3014,YHR207C
3015,YHR208W
3016,YHR209W
3017,YHR210C
3018,YHR211W
3019,YHR212C
3020,YHR212W-A
3021,YHR213W
3022,YHR213W-A
3023,YHR213W-B
3024,YHR214C-B
3025,YHR214C-C
3026,YHR214C-D
3027,YHR214C-E
3028,YHR214W
3029,YHR214W-A
3030,YHR215W
3031,YHR216W
3032,YHR217C
3033,YHR218W
3034,YHR218W-A
3035,YHR219C-A
3036,YHR219W
3037,YIL001W
3038,YIL002C
3039,YIL002W-A
3040,YIL003W
3041,YIL004C
3042,YIL005W
3043,YIL006W
3044,YIL007C
3045,YIL008W
3046,YIL009C-A
3047,YIL009W
3048,YIL010W
3049,YIL011W
3050,YIL012W
3051,YIL013C
3052,YIL014C-A
3053,YIL014W
3054,YIL015W
3055,YIL016W
3056,YIL017C
3057,YIL018W
3058,YIL019W
3059,YIL020C
3060,YIL020C-A
3061,YIL021C-A
3062,YIL021W
3063,YIL022W
3064,YIL023C
3065,YIL024C
3066,YIL025C
3067,YIL026C
3068,YIL027C
3069,YIL028W
3070,YIL029C
3071,YIL029W-A
3072,YIL030C
3073,YIL030W-A
3074,YIL031W
3075,YIL032C
3076,YIL033C
3077,YIL034C
3078,YIL035C
3079,YIL036W
3080,YIL037C
3081,YIL038C
3082,YIL039W
3083,YIL040W
3084,YIL041W
3085,YIL042C
3086,YIL043C
3087,YIL044C
3088,YIL045W
3089,YIL046W
3090,YIL046W-A
3091,YIL047C
3092,YIL047C-A
3093,YIL048W
3094,YIL049W
3095,YIL050W
3096,YIL051C
3097,YIL052C
3098,YIL053W
3099,YIL054W
3100,YIL055C
3101,YIL056W
3102,YIL057C
3103,YIL058W
3104,YIL059C
3105,YIL060W
3106,YIL061C
3107,YIL062C
3108,YIL063C
3109,YIL064W
3110,YIL065C
3111,YIL066C
3112,YIL066W-A
3113,YIL067C
3114,YIL068C
3115,YIL068W-A
3116,YIL069C
3117,YIL070C
3118,YIL071C
3119,YIL071W-A
3120,YIL072W
3121,YIL073C
3122,YIL074C
3123,YIL075C
3124,YIL076W
3125,YIL077C
3126,YIL078W
3127,YIL079C
3128,YIL082W
3129,YIL082W-A
3130,YIL083C
3131,YIL084C
3132,YIL085C
3133,YIL086C
3134,YIL087C
3135,YIL088C
3136,YIL089W
3137,YIL090W
3138,YIL091C
3139,YIL092W
3140,YIL093C
3141,YIL094C
3142,YIL095W
3143,YIL096C
3144,YIL097W
3145,YIL098C
3146,YIL099W
3147,YIL100C-A
3148,YIL100W
3149,YIL101C
3150,YIL102C
3151,YIL102C-A
3152,YIL103W
3153,YIL104C
3154,YIL105C
3155,YIL105W-A
3156,YIL106W
3157,YIL107C
3158,YIL108W
3159,YIL109C
3160,YIL110W
3161,YIL111W
3162,YIL112W
3163,YIL113W
3164,YIL114C
3165,YIL115C
3166,YIL115W-A
3167,YIL116W
3168,YIL117C
3169,YIL118W
3170,YIL119C
3171,YIL120W
3172,YIL121W
3173,YIL122W
3174,YIL123W
3175,YIL124W
3176,YIL125W
3177,YIL126W
3178,YIL127C
3179,YIL128W
3180,YIL129C
3181,YIL130W
3182,YIL131C
3183,YIL132C
3184,YIL133C
3185,YIL134C-A
3186,YIL134W
3187,YIL135C
3188,YIL136W
3189,YIL137C
3190,YIL138C
3191,YIL139C
3192,YIL140W
3193,YIL141W
3194,YIL142C-A
3195,YIL142W
3196,YIL143C
3197,YIL144W
3198,YIL145C
3199,YIL146C
3200,YIL147C
3201,YIL148W
3202,YIL149C
3203,YIL150C
3204,YIL151C
3205,YIL152W
3206,YIL153W
3207,YIL154C
3208,YIL155C
3209,YIL156W
3210,YIL156W-A
3211,YIL156W-B
3212,YIL157C
3213,YIL158W
3214,YIL159W
3215,YIL160C
3216,YIL161W
3217,YIL162W
3218,YIL163C
3219,YIL164C
3220,YIL165C
3221,YIL166C
3222,YIL169C
3223,YIL171W-A
3224,YIL172C
3225,YIL173W
3226,YIL176C
3227,YIL177C
3228,YIL177W-A
3229,YIR001C
3230,YIR002C
3231,YIR003W
3232,YIR004W
3233,YIR005W
3234,YIR006C
3235,YIR007W
3236,YIR008C
3237,YIR009W
3238,YIR010W
3239,YIR011C
3240,YIR012W
3241,YIR013C
3242,YIR014W
3243,YIR015W
3244,YIR016W
3245,YIR017C
3246,YIR017W-A
3247,YIR018C-A
3248,YIR018W
3249,YIR019C
3250,YIR020C
3251,YIR020C-B
3252,YIR020W-A
3253,YIR021W
3254,YIR021W-A
3255,YIR022W
3256,YIR023C-A
3257,YIR023W
3258,YIR024C
3259,YIR025W
3260,YIR026C
3261,YIR027C
3262,YIR028W
3263,YIR029W
3264,YIR030C
3265,YIR030W-A
3266,YIR031C
3267,YIR032C
3268,YIR033W
3269,YIR034C
3270,YIR035C
3271,YIR036C
3272,YIR036W-A
3273,YIR037W
3274,YIR038C
3275,YIR039C
3276,YIR040C
3277,YIR041W
3278,YIR042C
3279,YJL001W
3280,YJL002C
3281,YJL003W
3282,YJL004C
3283,YJL005W
3284,YJL006C
3285,YJL007C
3286,YJL008C
3287,YJL009W
3288,YJL010C
3289,YJL011C
3290,YJL012C
3291,YJL013C
3292,YJL014W
3293,YJL015C
3294,YJL016W
3295,YJL019W
3296,YJL020C
3297,YJL020W-A
3298,YJL022W
3299,YJL023C
3300,YJL024C
3301,YJL025W
3302,YJL026C-A
3303,YJL026W
3304,YJL027C
3305,YJL028W
3306,YJL029C
3307,YJL030W
3308,YJL031C
3309,YJL032W
3310,YJL033W
3311,YJL034W
3312,YJL035C
3313,YJL036W
3314,YJL037W
3315,YJL038C
3316,YJL039C
3317,YJL041W
3318,YJL042W
3319,YJL043W
3320,YJL044C
3321,YJL045W
3322,YJL046W
3323,YJL047C
3324,YJL047C-A
3325,YJL048C
3326,YJL049W
3327,YJL050W
3328,YJL051W
3329,YJL052C-A
3330,YJL052W
3331,YJL053W
3332,YJL054W
3333,YJL055W
3334,YJL056C
3335,YJL057C
3336,YJL058C
3337,YJL059W
3338,YJL060W
3339,YJL061W
3340,YJL062W
3341,YJL062W-A
3342,YJL063C
3343,YJL064W
3344,YJL065C
3345,YJL066C
3346,YJL067W
3347,YJL068C
3348,YJL069C
3349,YJL070C
3350,YJL071W
3351,YJL072C
3352,YJL073W
3353,YJL074C
3354,YJL075C
3355,YJL076W
3356,YJL077C
3357,YJL077W-A
3358,YJL077W-B
3359,YJL078C
3360,YJL079C
3361,YJL080C
3362,YJL081C
3363,YJL082W
3364,YJL083W
3365,YJL084C
3366,YJL085W
3367,YJL086C
3368,YJL087C
3369,YJL088W
3370,YJL089W
3371,YJL090C
3372,YJL091C
3373,YJL092W
3374,YJL093C
3375,YJL094C
3376,YJL095W
3377,YJL096W
3378,YJL097W
3379,YJL098W
3380,YJL099W
3381,YJL100W
3382,YJL101C
3383,YJL102W
3384,YJL103C
3385,YJL104W
3386,YJL105W
3387,YJL106W
3388,YJL107C
3389,YJL108C
3390,YJL109C
3391,YJL110C
3392,YJL111W
3393,YJL112W
3394,YJL113W
3395,YJL114W
3396,YJL115W
3397,YJL116C
3398,YJL117W
3399,YJL118W
3400,YJL119C
3401,YJL120W
3402,YJL121C
3403,YJL122W
3404,YJL123C
3405,YJL124C
3406,YJL125C
3407,YJL126W
3408,YJL127C
3409,YJL127C-B
3410,YJL127W-A
3411,YJL128C
3412,YJL129C
3413,YJL130C
3414,YJL131C
3415,YJL132W
3416,YJL133C-A
3417,YJL133W
3418,YJL134W
3419,YJL135W
3420,YJL136C
3421,YJL136W-A
3422,YJL137C
3423,YJL138C
3424,YJL139C
3425,YJL140W
3426,YJL141C
3427,YJL142C
3428,YJL143W
3429,YJL144W
3430,YJL145W
3431,YJL146W
3432,YJL147C
3433,YJL148W
3434,YJL149W
3435,YJL150W
3436,YJL151C
3437,YJL152W
3438,YJL153C
3439,YJL154C
3440,YJL155C
3441,YJL156C
3442,YJL156W-A
3443,YJL157C
3444,YJL158C
3445,YJL159W
3446,YJL160C
3447,YJL161W
3448,YJL162C
3449,YJL163C
3450,YJL164C
3451,YJL165C
3452,YJL166W
3453,YJL167W
3454,YJL168C
3455,YJL169W
3456,YJL170C
3457,YJL171C
3458,YJL172W
3459,YJL173C
3460,YJL174W
3461,YJL175W
3462,YJL176C
3463,YJL177W
3464,YJL178C
3465,YJL179W
3466,YJL180C
3467,YJL181W
3468,YJL182C
3469,YJL183W
3470,YJL184W
3471,YJL185C
3472,YJL186W
3473,YJL187C
3474,YJL188C
3475,YJL189W
3476,YJL190C
3477,YJL191W
3478,YJL192C
3479,YJL193W
3480,YJL194W
3481,YJL195C
3482,YJL196C
3483,YJL197C-A
3484,YJL197W
3485,YJL198W
3486,YJL199C
3487,YJL200C
3488,YJL201W
3489,YJL202C
3490,YJL203W
3491,YJL204C
3492,YJL205C
3493,YJL206C
3494,YJL207C
3495,YJL208C
3496,YJL209W
3497,YJL210W
3498,YJL211C
3499,YJL212C
3500,YJL213W
3501,YJL214W
3502,YJL215C
3503,YJL216C
3504,YJL217W
3505,YJL218W
3506,YJL219W
3507,YJL220W
3508,YJL221C
3509,YJL222W
3510,YJL222W-A
3511,YJL222W-B
3512,YJL223C
3513,YJL225C
3514,YJL225W-A
3515,YJR001W
3516,YJR002W
3517,YJR003C
3518,YJR004C
3519,YJR005C-A
3520,YJR005W
3521,YJR006W
3522,YJR007W
3523,YJR008W
3524,YJR009C
3525,YJR010C-A
3526,YJR010W
3527,YJR011C
3528,YJR012C
3529,YJR013W
3530,YJR014W
3531,YJR015W
3532,YJR016C
3533,YJR017C
3534,YJR018W
3535,YJR019C
3536,YJR020W
3537,YJR021C
3538,YJR022W
3539,YJR023C
3540,YJR024C
3541,YJR025C
3542,YJR026W
3543,YJR027W
3544,YJR028W
3545,YJR029W
3546,YJR030C
3547,YJR031C
3548,YJR032W
3549,YJR033C
3550,YJR034W
3551,YJR035W
3552,YJR036C
3553,YJR037W
3554,YJR038C
3555,YJR039W
3556,YJR040W
3557,YJR041C
3558,YJR042W
3559,YJR043C
3560,YJR044C
3561,YJR045C
3562,YJR046W
3563,YJR047C
3564,YJR048W
3565,YJR049C
3566,YJR050W
3567,YJR051W
3568,YJR052W
3569,YJR053W
3570,YJR054W
3571,YJR055W
3572,YJR056C
3573,YJR057W
3574,YJR058C
3575,YJR059W
3576,YJR060W
3577,YJR061W
3578,YJR062C
3579,YJR063W
3580,YJR064W
3581,YJR065C
3582,YJR066W
3583,YJR067C
3584,YJR068W
3585,YJR069C
3586,YJR070C
3587,YJR071W
3588,YJR072C
3589,YJR073C
3590,YJR074W
3591,YJR075W
3592,YJR076C
3593,YJR077C
3594,YJR078W
3595,YJR079W
3596,YJR080C
3597,YJR082C
3598,YJR083C
3599,YJR084W
3600,YJR085C
3601,YJR086W
3602,YJR087W
3603,YJR088C
3604,YJR089W
3605,YJR090C
3606,YJR091C
3607,YJR092W
3608,YJR093C
3609,YJR094C
3610,YJR094W-A
3611,YJR095W
3612,YJR096W
3613,YJR097W
3614,YJR098C
3615,YJR099W
3616,YJR100C
3617,YJR101W
3618,YJR102C
3619,YJR103W
3620,YJR104C
3621,YJR105W
3622,YJR106W
3623,YJR107W
3624,YJR108W
3625,YJR109C
3626,YJR110W
3627,YJR111C
3628,YJR112W
3629,YJR112W-A
3630,YJR113C
3631,YJR114W
3632,YJR115W
3633,YJR116W
3634,YJR117W
3635,YJR118C
3636,YJR119C
3637,YJR120W
3638,YJR121W
3639,YJR122W
3640,YJR123W
3641,YJR124C
3642,YJR125C
3643,YJR126C
3644,YJR127C
3645,YJR128W
3646,YJR129C
3647,YJR130C
3648,YJR131W
3649,YJR132W
3650,YJR133W
3651,YJR134C
3652,YJR135C
3653,YJR135W-A
3654,YJR136C
3655,YJR137C
3656,YJR138W
3657,YJR139C
3658,YJR140C
3659,YJR140W-A
3660,YJR141W
3661,YJR142W
3662,YJR143C
3663,YJR144W
3664,YJR145C
3665,YJR146W
3666,YJR147W
3667,YJR148W
3668,YJR149W
3669,YJR150C
3670,YJR151C
3671,YJR151W-A
3672,YJR152W
3673,YJR153W
3674,YJR154W
3675,YJR155W
3676,YJR156C
3677,YJR157W
3678,YJR158W
3679,YJR159W
3680,YJR160C
3681,YJR161C
3682,YJR162C
3683,YKL001C
3684,YKL002W
3685,YKL003C
3686,YKL004W
3687,YKL005C
3688,YKL006C-A
3689,YKL006W
3690,YKL007W
3691,YKL008C
3692,YKL009W
3693,YKL010C
3694,YKL011C
3695,YKL012W
3696,YKL013C
3697,YKL014C
3698,YKL015W
3699,YKL016C
3700,YKL017C
3701,YKL018C-A
3702,YKL018W
3703,YKL019W
3704,YKL020C
3705,YKL021C
3706,YKL022C
3707,YKL023C-A
3708,YKL023W
3709,YKL024C
3710,YKL025C
3711,YKL026C
3712,YKL027W
3713,YKL028W
3714,YKL029C
3715,YKL030W
3716,YKL031W
3717,YKL032C
3718,YKL033W
3719,YKL033W-A
3720,YKL034W
3721,YKL035W
3722,YKL036C
3723,YKL037W
3724,YKL038W
3725,YKL039W
3726,YKL040C
3727,YKL041W
3728,YKL042W
3729,YKL043W
3730,YKL044W
3731,YKL045W
3732,YKL046C
3733,YKL047W
3734,YKL048C
3735,YKL049C
3736,YKL050C
3737,YKL051W
3738,YKL052C
3739,YKL053C-A
3740,YKL053W
3741,YKL054C
3742,YKL055C
3743,YKL056C
3744,YKL057C
3745,YKL058W
3746,YKL059C
3747,YKL060C
3748,YKL061W
3749,YKL062W
3750,YKL063C
3751,YKL064W
3752,YKL065C
3753,YKL065W-A
3754,YKL066W
3755,YKL067W
3756,YKL068W
3757,YKL068W-A
3758,YKL069W
3759,YKL070W
3760,YKL071W
3761,YKL072W
3762,YKL073W
3763,YKL074C
3764,YKL075C
3765,YKL076C
3766,YKL077W
3767,YKL078W
3768,YKL079W
3769,YKL080W
3770,YKL081W
3771,YKL082C
3772,YKL083W
3773,YKL084W
3774,YKL085W
3775,YKL086W
3776,YKL087C
3777,YKL088W
3778,YKL089W
3779,YKL090W
3780,YKL091C
3781,YKL092C
3782,YKL093W
3783,YKL094W
3784,YKL095W
3785,YKL096C-B
3786,YKL096W
3787,YKL096W-A
3788,YKL097C
3789,YKL098W
3790,YKL099C
3791,YKL100C
3792,YKL100W-A
3793,YKL101W
3794,YKL102C
3795,YKL103C
3796,YKL104C
3797,YKL105C
3798,YKL106C-A
3799,YKL106W
3800,YKL107W
3801,YKL108W
3802,YKL109W
3803,YKL110C
3804,YKL111C
3805,YKL112W
3806,YKL113C
3807,YKL114C
3808,YKL115C
3809,YKL116C
3810,YKL117W
3811,YKL118W
3812,YKL119C
3813,YKL120W
3814,YKL121W
3815,YKL122C
3816,YKL123W
3817,YKL124W
3818,YKL125W
3819,YKL126W
3820,YKL127W
3821,YKL128C
3822,YKL129C
3823,YKL130C
3824,YKL131W
3825,YKL132C
3826,YKL133C
3827,YKL134C
3828,YKL135C
3829,YKL136W
3830,YKL137W
3831,YKL138C
3832,YKL138C-A
3833,YKL139W
3834,YKL140W
3835,YKL141W
3836,YKL142W
3837,YKL143W
3838,YKL144C
3839,YKL145W
3840,YKL145W-A
3841,YKL146W
3842,YKL147C
3843,YKL148C
3844,YKL149C
3845,YKL150W
3846,YKL151C
3847,YKL152C
3848,YKL153W
3849,YKL154W
3850,YKL155C
3851,YKL156C-A
3852,YKL156W
3853,YKL157W
3854,YKL159C
3855,YKL160W
3856,YKL161C
3857,YKL162C
3858,YKL162C-A
3859,YKL163W
3860,YKL164C
3861,YKL165C
3862,YKL165C-A
3863,YKL166C
3864,YKL167C
3865,YKL168C
3866,YKL169C
3867,YKL170W
3868,YKL171W
3869,YKL172W
3870,YKL173W
3871,YKL174C
3872,YKL175W
3873,YKL176C
3874,YKL177W
3875,YKL178C
3876,YKL179C
3877,YKL180W
3878,YKL181W
3879,YKL182W
3880,YKL183C-A
3881,YKL183W
3882,YKL184W
3883,YKL185W
3884,YKL186C
3885,YKL187C
3886,YKL188C
3887,YKL189W
3888,YKL190W
3889,YKL191W
3890,YKL192C
3891,YKL193C
3892,YKL194C
3893,YKL195W
3894,YKL196C
3895,YKL197C
3896,YKL198C
3897,YKL201C
3898,YKL202W
3899,YKL203C
3900,YKL204W
3901,YKL205W
3902,YKL206C
3903,YKL207W
3904,YKL208W
3905,YKL209C
3906,YKL210W
3907,YKL211C
3908,YKL212W
3909,YKL213C
3910,YKL214C
3911,YKL215C
3912,YKL216W
3913,YKL217W
3914,YKL218C
3915,YKL219W
3916,YKL220C
3917,YKL221W
3918,YKL222C
3919,YKL223W
3920,YKL224C
3921,YKL225W
3922,YKR001C
3923,YKR002W
3924,YKR003W
3925,YKR004C
3926,YKR005C
3927,YKR006C
3928,YKR007W
3929,YKR008W
3930,YKR009C
3931,YKR010C
3932,YKR011C
3933,YKR012C
3934,YKR013W
3935,YKR014C
3936,YKR015C
3937,YKR016W
3938,YKR017C
3939,YKR018C
3940,YKR019C
3941,YKR020W
3942,YKR021W
3943,YKR022C
3944,YKR023W
3945,YKR024C
3946,YKR025W
3947,YKR026C
3948,YKR027W
3949,YKR028W
3950,YKR029C
3951,YKR030W
3952,YKR031C
3953,YKR032W
3954,YKR033C
3955,YKR034W
3956,YKR035C
3957,YKR035W-A
3958,YKR036C
3959,YKR037C
3960,YKR038C
3961,YKR039W
3962,YKR040C
3963,YKR041W
3964,YKR042W
3965,YKR043C
3966,YKR044W
3967,YKR045C
3968,YKR046C
3969,YKR047W
3970,YKR048C
3971,YKR049C
3972,YKR050W
3973,YKR051W
3974,YKR052C
3975,YKR053C
3976,YKR054C
3977,YKR055W
3978,YKR056W
3979,YKR057W
3980,YKR058W
3981,YKR059W
3982,YKR060W
3983,YKR061W
3984,YKR062W
3985,YKR063C
3986,YKR064W
3987,YKR065C
3988,YKR066C
3989,YKR067W
3990,YKR068C
3991,YKR069W
3992,YKR070W
3993,YKR071C
3994,YKR072C
3995,YKR073C
3996,YKR074W
3997,YKR075C
3998,YKR075W-A
3999,YKR076W
4000,YKR077W
4001,YKR078W
4002,YKR079C
4003,YKR080W
4004,YKR081C
4005,YKR082W
4006,YKR083C
4007,YKR084C
4008,YKR085C
4009,YKR086W
4010,YKR087C
4011,YKR088C
4012,YKR089C
4013,YKR090W
4014,YKR091W
4015,YKR092C
4016,YKR093W
4017,YKR094C
4018,YKR095W
4019,YKR095W-A
4020,YKR096W
4021,YKR097W
4022,YKR098C
4023,YKR099W
4024,YKR100C
4025,YKR101W
4026,YKR102W
4027,YKR103W
4028,YKR104W
4029,YKR105C
4030,YKR106W
4031,YLL001W
4032,YLL002W
4033,YLL003W
4034,YLL004W
4035,YLL005C
4036,YLL006W
4037,YLL006W-A
4038,YLL007C
4039,YLL008W
4040,YLL009C
4041,YLL010C
4042,YLL011W
4043,YLL012W
4044,YLL013C
4045,YLL014W
4046,YLL015W
4047,YLL018C
4048,YLL018C-A
4049,YLL019C
4050,YLL019W-A
4051,YLL020C
4052,YLL021W
4053,YLL022C
4054,YLL023C
4055,YLL024C
4056,YLL025W
4057,YLL026W
4058,YLL027W
4059,YLL028W
4060,YLL029W
4061,YLL030C
4062,YLL031C
4063,YLL032C
4064,YLL033W
4065,YLL034C
4066,YLL035W
4067,YLL036C
4068,YLL037W
4069,YLL038C
4070,YLL039C
4071,YLL040C
4072,YLL041C
4073,YLL042C
4074,YLL043W
4075,YLL044W
4076,YLL045C
4077,YLL046C
4078,YLL047W
4079,YLL048C
4080,YLL049W
4081,YLL050C
4082,YLL051C
4083,YLL052C
4084,YLL053C
4085,YLL054C
4086,YLL055W
4087,YLL056C
4088,YLL057C
4089,YLL058W
4090,YLL059C
4091,YLL060C
4092,YLL061W
4093,YLL062C
4094,YLL063C
4095,YLL064C
4096,YLL065W
4097,YLL066C
4098,YLL066W-A
4099,YLL066W-B
4100,YLL067C
4101,YLL067W-A
4102,YLR001C
4103,YLR002C
4104,YLR003C
4105,YLR004C
4106,YLR005W
4107,YLR006C
4108,YLR007W
4109,YLR008C
4110,YLR009W
4111,YLR010C
4112,YLR011W
4113,YLR012C
4114,YLR013W
4115,YLR014C
4116,YLR015W
4117,YLR016C
4118,YLR017W
4119,YLR018C
4120,YLR019W
4121,YLR020C
4122,YLR021W
4123,YLR022C
4124,YLR023C
4125,YLR024C
4126,YLR025W
4127,YLR026C
4128,YLR027C
4129,YLR028C
4130,YLR029C
4131,YLR030W
4132,YLR031W
4133,YLR032W
4134,YLR033W
4135,YLR034C
4136,YLR035C
4137,YLR035C-A
4138,YLR036C
4139,YLR037C
4140,YLR038C
4141,YLR039C
4142,YLR040C
4143,YLR041W
4144,YLR042C
4145,YLR043C
4146,YLR044C
4147,YLR045C
4148,YLR046C
4149,YLR047C
4150,YLR048W
4151,YLR049C
4152,YLR050C
4153,YLR051C
4154,YLR052W
4155,YLR053C
4156,YLR054C
4157,YLR055C
4158,YLR056W
4159,YLR057W
4160,YLR058C
4161,YLR059C
4162,YLR060W
4163,YLR061W
4164,YLR062C
4165,YLR063W
4166,YLR064W
4167,YLR065C
4168,YLR066W
4169,YLR067C
4170,YLR068W
4171,YLR069C
4172,YLR070C
4173,YLR071C
4174,YLR072W
4175,YLR073C
4176,YLR074C
4177,YLR075W
4178,YLR076C
4179,YLR077W
4180,YLR078C
4181,YLR079W
4182,YLR080W
4183,YLR081W
4184,YLR082C
4185,YLR083C
4186,YLR084C
4187,YLR085C
4188,YLR086W
4189,YLR087C
4190,YLR088W
4191,YLR089C
4192,YLR090W
4193,YLR091W
4194,YLR092W
4195,YLR093C
4196,YLR094C
4197,YLR095C
4198,YLR096W
4199,YLR097C
4200,YLR098C
4201,YLR099C
4202,YLR099W-A
4203,YLR100W
4204,YLR101C
4205,YLR102C
4206,YLR103C
4207,YLR104W
4208,YLR105C
4209,YLR106C
4210,YLR107W
4211,YLR108C
4212,YLR109W
4213,YLR110C
4214,YLR111W
4215,YLR112W
4216,YLR113W
4217,YLR114C
4218,YLR115W
4219,YLR116W
4220,YLR117C
4221,YLR118C
4222,YLR119W
4223,YLR120C
4224,YLR120W-A
4225,YLR121C
4226,YLR122C
4227,YLR123C
4228,YLR124W
4229,YLR125W
4230,YLR126C
4231,YLR127C
4232,YLR128W
4233,YLR129W
4234,YLR130C
4235,YLR131C
4236,YLR132C
4237,YLR133W
4238,YLR134W
4239,YLR135W
4240,YLR136C
4241,YLR137W
4242,YLR138W
4243,YLR139C
4244,YLR140W
4245,YLR141W
4246,YLR142W
4247,YLR143W
4248,YLR144C
4249,YLR145W
4250,YLR146C
4251,YLR146W-A
4252,YLR147C
4253,YLR148W
4254,YLR149C
4255,YLR149C-A
4256,YLR150W
4257,YLR151C
4258,YLR152C
4259,YLR153C
4260,YLR154C
4261,YLR154C-G
4262,YLR154C-H
4263,YLR154W-A
4264,YLR154W-B
4265,YLR154W-C
4266,YLR154W-E
4267,YLR154W-F
4268,YLR155C
4269,YLR156C-A
4270,YLR156W
4271,YLR157C
4272,YLR157C-A
4273,YLR157C-B
4274,YLR157C-C
4275,YLR157W-D
4276,YLR157W-E
4277,YLR158C
4278,YLR159C-A
4279,YLR159W
4280,YLR160C
4281,YLR161W
4282,YLR162W
4283,YLR162W-A
4284,YLR163C
4285,YLR163W-A
4286,YLR164W
4287,YLR165C
4288,YLR166C
4289,YLR167W
4290,YLR168C
4291,YLR169W
4292,YLR170C
4293,YLR171W
4294,YLR172C
4295,YLR173W
4296,YLR174W
4297,YLR175W
4298,YLR176C
4299,YLR177W
4300,YLR178C
4301,YLR179C
4302,YLR180W
4303,YLR181C
4304,YLR182W
4305,YLR183C
4306,YLR184W
4307,YLR185W
4308,YLR186W
4309,YLR187W
4310,YLR188W
4311,YLR189C
4312,YLR190W
4313,YLR191W
4314,YLR192C
4315,YLR193C
4316,YLR194C
4317,YLR195C
4318,YLR196W
4319,YLR197W
4320,YLR198C
4321,YLR199C
4322,YLR200W
4323,YLR201C
4324,YLR202C
4325,YLR203C
4326,YLR204W
4327,YLR205C
4328,YLR206W
4329,YLR207W
4330,YLR208W
4331,YLR209C
4332,YLR210W
4333,YLR211C
4334,YLR212C
4335,YLR213C
4336,YLR214W
4337,YLR215C
4338,YLR216C
4339,YLR217W
4340,YLR218C
4341,YLR219W
4342,YLR220W
4343,YLR221C
4344,YLR222C
4345,YLR222C-A
4346,YLR223C
4347,YLR224W
4348,YLR225C
4349,YLR226W
4350,YLR227C
4351,YLR227W-A
4352,YLR227W-B
4353,YLR228C
4354,YLR229C
4355,YLR230W
4356,YLR231C
4357,YLR232W
4358,YLR233C
4359,YLR234W
4360,YLR235C
4361,YLR236C
4362,YLR237W
4363,YLR238W
4364,YLR239C
4365,YLR240W
4366,YLR241W
4367,YLR242C
4368,YLR243W
4369,YLR244C
4370,YLR245C
4371,YLR246W
4372,YLR247C
4373,YLR248W
4374,YLR249W
4375,YLR250W
4376,YLR251W
4377,YLR252W
4378,YLR253W
4379,YLR254C
4380,YLR255C
4381,YLR256W
4382,YLR256W-A
4383,YLR257W
4384,YLR258W
4385,YLR259C
4386,YLR260W
4387,YLR261C
4388,YLR262C
4389,YLR262C-A
4390,YLR263W
4391,YLR264C-A
4392,YLR264W
4393,YLR265C
4394,YLR266C
4395,YLR267W
4396,YLR268W
4397,YLR269C
4398,YLR270W
4399,YLR271W
4400,YLR272C
4401,YLR273C
4402,YLR274W
4403,YLR275W
4404,YLR276C
4405,YLR277C
4406,YLR278C
4407,YLR279W
4408,YLR280C
4409,YLR281C
4410,YLR282C
4411,YLR283W
4412,YLR284C
4413,YLR285C-A
4414,YLR285W
4415,YLR286C
4416,YLR286W-A
4417,YLR287C
4418,YLR287C-A
4419,YLR288C
4420,YLR289W
4421,YLR290C
4422,YLR291C
4423,YLR292C
4424,YLR293C
4425,YLR294C
4426,YLR295C
4427,YLR296W
4428,YLR297W
4429,YLR298C
4430,YLR299C-A
4431,YLR299W
4432,YLR300W
4433,YLR301W
4434,YLR302C
4435,YLR303W
4436,YLR304C
4437,YLR305C
4438,YLR306W
4439,YLR307C-A
4440,YLR307W
4441,YLR308W
4442,YLR309C
4443,YLR310C
4444,YLR311C
4445,YLR312C
4446,YLR312W-A
4447,YLR313C
4448,YLR314C
4449,YLR315W
4450,YLR316C
4451,YLR317W
4452,YLR318W
4453,YLR319C
4454,YLR320W
4455,YLR321C
4456,YLR322W
4457,YLR323C
4458,YLR324W
4459,YLR325C
4460,YLR326W
4461,YLR327C
4462,YLR328W
4463,YLR329W
4464,YLR330W
4465,YLR331C
4466,YLR332W
4467,YLR333C
4468,YLR334C
4469,YLR335W
4470,YLR336C
4471,YLR337C
4472,YLR338W
4473,YLR339C
4474,YLR340W
4475,YLR341W
4476,YLR342W
4477,YLR342W-A
4478,YLR343W
4479,YLR344W
4480,YLR345W
4481,YLR346C
4482,YLR347C
4483,YLR347W-A
4484,YLR348C
4485,YLR349W
4486,YLR350W
4487,YLR351C
4488,YLR352W
4489,YLR353W
4490,YLR354C
4491,YLR355C
4492,YLR356W
4493,YLR357W
4494,YLR358C
4495,YLR359W
4496,YLR360W
4497,YLR361C
4498,YLR361C-A
4499,YLR362W
4500,YLR363C
4501,YLR363W-A
4502,YLR364C-A
4503,YLR364W
4504,YLR365W
4505,YLR366W
4506,YLR367W
4507,YLR368W
4508,YLR369W
4509,YLR370C
4510,YLR371W
4511,YLR372W
4512,YLR373C
4513,YLR374C
4514,YLR375W
4515,YLR376C
4516,YLR377C
4517,YLR378C
4518,YLR379W
4519,YLR380W
4520,YLR381W
4521,YLR382C
4522,YLR383W
4523,YLR384C
4524,YLR385C
4525,YLR386W
4526,YLR387C
4527,YLR388W
4528,YLR389C
4529,YLR390W
4530,YLR390W-A
4531,YLR392C
4532,YLR393W
4533,YLR394W
4534,YLR395C
4535,YLR396C
4536,YLR397C
4537,YLR398C
4538,YLR399C
4539,YLR399W-A
4540,YLR400W
4541,YLR401C
4542,YLR402W
4543,YLR403W
4544,YLR404W
4545,YLR405W
4546,YLR406C
4547,YLR406C-A
4548,YLR407W
4549,YLR408C
4550,YLR409C
4551,YLR410W
4552,YLR410W-A
4553,YLR410W-B
4554,YLR411W
4555,YLR412C-A
4556,YLR412W
4557,YLR413W
4558,YLR414C
4559,YLR415C
4560,YLR416C
4561,YLR417W
4562,YLR418C
4563,YLR419W
4564,YLR420W
4565,YLR421C
4566,YLR422W
4567,YLR423C
4568,YLR424W
4569,YLR425W
4570,YLR426W
4571,YLR427W
4572,YLR428C
4573,YLR429W
4574,YLR430W
4575,YLR431C
4576,YLR432W
4577,YLR433C
4578,YLR434C
4579,YLR435W
4580,YLR436C
4581,YLR437C
4582,YLR437C-A
4583,YLR438C-A
4584,YLR438W
4585,YLR439W
4586,YLR440C
4587,YLR441C
4588,YLR442C
4589,YLR443W
4590,YLR444C
4591,YLR445W
4592,YLR446W
4593,YLR447C
4594,YLR448W
4595,YLR449W
4596,YLR450W
4597,YLR451W
4598,YLR452C
4599,YLR453C
4600,YLR454W
4601,YLR455W
4602,YLR456W
4603,YLR457C
4604,YLR458W
4605,YLR459W
4606,YLR460C
4607,YLR461W
4608,YLR462W
4609,YLR463C
4610,YLR464W
4611,YLR465C
4612,YLR466C-A
4613,YLR466C-B
4614,YLR466W
4615,YLR467C-A
4616,YLR467W
4617,YML001W
4618,YML002W
4619,YML003W
4620,YML004C
4621,YML005W
4622,YML006C
4623,YML007C-A
4624,YML007W
4625,YML008C
4626,YML009C
4627,YML009C-A
4628,YML009W-B
4629,YML010W
4630,YML011C
4631,YML012C-A
4632,YML012W
4633,YML013W
4634,YML014W
4635,YML015C
4636,YML016C
4637,YML017W
4638,YML018C
4639,YML019W
4640,YML020W
4641,YML021C
4642,YML022W
4643,YML023C
4644,YML024W
4645,YML025C
4646,YML026C
4647,YML027W
4648,YML028W
4649,YML029W
4650,YML030W
4651,YML031C-A
4652,YML031W
4653,YML032C
4654,YML034C-A
4655,YML034W
4656,YML035C
4657,YML036W
4658,YML037C
4659,YML038C
4660,YML039W
4661,YML040W
4662,YML041C
4663,YML042W
4664,YML043C
4665,YML045W
4666,YML045W-A
4667,YML046W
4668,YML047C
4669,YML047W-A
4670,YML048W
4671,YML049C
4672,YML050W
4673,YML051W
4674,YML052W
4675,YML053C
4676,YML054C
4677,YML054C-A
4678,YML055W
4679,YML056C
4680,YML057C-A
4681,YML057W
4682,YML058W
4683,YML058W-A
4684,YML059C
4685,YML060W
4686,YML061C
4687,YML062C
4688,YML063W
4689,YML064C
4690,YML065W
4691,YML066C
4692,YML067C
4693,YML068W
4694,YML069W
4695,YML070W
4696,YML071C
4697,YML072C
4698,YML073C
4699,YML074C
4700,YML075C
4701,YML076C
4702,YML077W
4703,YML078W
4704,YML079W
4705,YML080W
4706,YML081C-A
4707,YML081W
4708,YML082W
4709,YML083C
4710,YML084W
4711,YML085C
4712,YML086C
4713,YML087C
4714,YML088W
4715,YML089C
4716,YML090W
4717,YML091C
4718,YML092C
4719,YML093W
4720,YML094C-A
4721,YML094W
4722,YML095C
4723,YML096W
4724,YML097C
4725,YML098W
4726,YML099C
4727,YML099W-A
4728,YML100W
4729,YML100W-A
4730,YML101C
4731,YML101C-A
4732,YML102W
4733,YML103C
4734,YML104C
4735,YML105C
4736,YML106W
4737,YML107C
4738,YML108W
4739,YML109W
4740,YML110C
4741,YML111W
4742,YML112W
4743,YML113W
4744,YML114C
4745,YML115C
4746,YML116W
4747,YML116W-A
4748,YML117W
4749,YML118W
4750,YML119W
4751,YML120C
4752,YML121W
4753,YML122C
4754,YML123C
4755,YML124C
4756,YML125C
4757,YML126C
4758,YML127W
4759,YML128C
4760,YML129C
4761,YML130C
4762,YML131W
4763,YML132W
4764,YML133C
4765,YML133W-A
4766,YML133W-B
4767,YMR001C
4768,YMR001C-A
4769,YMR002W
4770,YMR003W
4771,YMR004W
4772,YMR005W
4773,YMR006C
4774,YMR007W
4775,YMR008C
4776,YMR009W
4777,YMR010W
4778,YMR011W
4779,YMR012W
4780,YMR013C
4781,YMR013C-A
4782,YMR013W-A
4783,YMR014W
4784,YMR015C
4785,YMR016C
4786,YMR017W
4787,YMR018W
4788,YMR019W
4789,YMR020W
4790,YMR021C
4791,YMR022W
4792,YMR023C
4793,YMR024W
4794,YMR025W
4795,YMR026C
4796,YMR027W
4797,YMR028W
4798,YMR029C
4799,YMR030W
4800,YMR030W-A
4801,YMR031C
4802,YMR031W-A
4803,YMR032W
4804,YMR033W
4805,YMR034C
4806,YMR035W
4807,YMR036C
4808,YMR037C
4809,YMR038C
4810,YMR039C
4811,YMR040W
4812,YMR041C
4813,YMR042W
4814,YMR043W
4815,YMR044W
4816,YMR045C
4817,YMR046C
4818,YMR046W-A
4819,YMR047C
4820,YMR048W
4821,YMR049C
4822,YMR050C
4823,YMR051C
4824,YMR052C-A
4825,YMR052W
4826,YMR053C
4827,YMR054W
4828,YMR055C
4829,YMR056C
4830,YMR057C
4831,YMR058W
4832,YMR059W
4833,YMR060C
4834,YMR061W
4835,YMR062C
4836,YMR063W
4837,YMR064W
4838,YMR065W
4839,YMR066W
4840,YMR067C
4841,YMR068W
4842,YMR069W
4843,YMR070W
4844,YMR071C
4845,YMR072W
4846,YMR073C
4847,YMR074C
4848,YMR075C-A
4849,YMR075W
4850,YMR076C
4851,YMR077C
4852,YMR078C
4853,YMR079W
4854,YMR080C
4855,YMR081C
4856,YMR082C
4857,YMR083W
4858,YMR084W
4859,YMR085W
4860,YMR086C-A
4861,YMR086W
4862,YMR087W
4863,YMR088C
4864,YMR089C
4865,YMR090W
4866,YMR091C
4867,YMR092C
4868,YMR093W
4869,YMR094W
4870,YMR095C
4871,YMR096W
4872,YMR097C
4873,YMR098C
4874,YMR099C
4875,YMR100W
4876,YMR101C
4877,YMR102C
4878,YMR103C
4879,YMR104C
4880,YMR105C
4881,YMR105W-A
4882,YMR106C
4883,YMR107W
4884,YMR108W
4885,YMR109W
4886,YMR110C
4887,YMR111C
4888,YMR112C
4889,YMR113W
4890,YMR114C
4891,YMR115W
4892,YMR116C
4893,YMR117C
4894,YMR118C
4895,YMR119W
4896,YMR119W-A
4897,YMR120C
4898,YMR121C
4899,YMR122C
4900,YMR122W-A
4901,YMR123W
4902,YMR124W
4903,YMR125W
4904,YMR126C
4905,YMR127C
4906,YMR128W
4907,YMR129W
4908,YMR130W
4909,YMR131C
4910,YMR132C
4911,YMR133W
4912,YMR134W
4913,YMR135C
4914,YMR135W-A
4915,YMR136W
4916,YMR137C
4917,YMR138W
4918,YMR139W
4919,YMR140W
4920,YMR141C
4921,YMR141W-A
4922,YMR142C
4923,YMR143W
4924,YMR144W
4925,YMR145C
4926,YMR146C
4927,YMR147W
4928,YMR148W
4929,YMR149W
4930,YMR150C
4931,YMR151W
4932,YMR152W
4933,YMR153C-A
4934,YMR153W
4935,YMR154C
4936,YMR155W
4937,YMR156C
4938,YMR157C
4939,YMR158C-A
4940,YMR158W
4941,YMR158W-B
4942,YMR159C
4943,YMR160W
4944,YMR161W
4945,YMR162C
4946,YMR163C
4947,YMR164C
4948,YMR165C
4949,YMR166C
4950,YMR167W
4951,YMR168C
4952,YMR169C
4953,YMR170C
4954,YMR171C
4955,YMR172C-A
4956,YMR172W
4957,YMR173W
4958,YMR173W-A
4959,YMR174C
4960,YMR175W
4961,YMR175W-A
4962,YMR176W
4963,YMR177W
4964,YMR178W
4965,YMR179W
4966,YMR180C
4967,YMR181C
4968,YMR182C
4969,YMR182W-A
4970,YMR183C
4971,YMR184W
4972,YMR185W
4973,YMR186W
4974,YMR187C
4975,YMR188C
4976,YMR189W
4977,YMR190C
4978,YMR191W
4979,YMR192W
4980,YMR193C-A
4981,YMR193W
4982,YMR194C-A
4983,YMR194C-B
4984,YMR194W
4985,YMR195W
4986,YMR196W
4987,YMR197C
4988,YMR198W
4989,YMR199W
4990,YMR200W
4991,YMR201C
4992,YMR202W
4993,YMR203W
4994,YMR204C
4995,YMR205C
4996,YMR206W
4997,YMR207C
4998,YMR208W
4999,YMR209C
5000,YMR210W
5001,YMR211W
5002,YMR212C
5003,YMR213W
5004,YMR214W
5005,YMR215W
5006,YMR216C
5007,YMR217W
5008,YMR218C
5009,YMR219W
5010,YMR220W
5011,YMR221C
5012,YMR222C
5013,YMR223W
5014,YMR224C
5015,YMR225C
5016,YMR226C
5017,YMR227C
5018,YMR228W
5019,YMR229C
5020,YMR230W
5021,YMR230W-A
5022,YMR231W
5023,YMR232W
5024,YMR233W
5025,YMR234W
5026,YMR235C
5027,YMR236W
5028,YMR237W
5029,YMR238W
5030,YMR239C
5031,YMR240C
5032,YMR241W
5033,YMR242C
5034,YMR242W-A
5035,YMR243C
5036,YMR244C-A
5037,YMR244W
5038,YMR245W
5039,YMR246W
5040,YMR247C
5041,YMR247W-A
5042,YMR250W
5043,YMR251W
5044,YMR251W-A
5045,YMR252C
5046,YMR253C
5047,YMR254C
5048,YMR255W
5049,YMR256C
5050,YMR257C
5051,YMR258C
5052,YMR259C
5053,YMR260C
5054,YMR261C
5055,YMR262W
5056,YMR263W
5057,YMR264W
5058,YMR265C
5059,YMR266W
5060,YMR267W
5061,YMR268C
5062,YMR269W
5063,YMR270C
5064,YMR271C
5065,YMR272C
5066,YMR272W-A
5067,YMR272W-B
5068,YMR273C
5069,YMR274C
5070,YMR275C
5071,YMR276W
5072,YMR277W
5073,YMR278W
5074,YMR279C
5075,YMR280C
5076,YMR281W
5077,YMR282C
5078,YMR283C
5079,YMR284W
5080,YMR285C
5081,YMR286W
5082,YMR287C
5083,YMR288W
5084,YMR289W
5085,YMR290C
5086,YMR290W-A
5087,YMR291W
5088,YMR292W
5089,YMR293C
5090,YMR294W
5091,YMR294W-A
5092,YMR295C
5093,YMR296C
5094,YMR297W
5095,YMR298W
5096,YMR299C
5097,YMR300C
5098,YMR301C
5099,YMR302C
5100,YMR303C
5101,YMR304C-A
5102,YMR304W
5103,YMR305C
5104,YMR306C-A
5105,YMR306W
5106,YMR307C-A
5107,YMR307W
5108,YMR308C
5109,YMR309C
5110,YMR310C
5111,YMR311C
5112,YMR312W
5113,YMR313C
5114,YMR314W
5115,YMR315W
5116,YMR315W-A
5117,YMR316C-A
5118,YMR316C-B
5119,YMR316W
5120,YMR317W
5121,YMR318C
5122,YMR319C
5123,YMR320W
5124,YMR321C
5125,YMR322C
5126,YMR323W
5127,YMR324C
5128,YMR325W
5129,YMR326C
5130,YNL001W
5131,YNL002C
5132,YNL003C
5133,YNL004W
5134,YNL005C
5135,YNL006W
5136,YNL007C
5137,YNL008C
5138,YNL009W
5139,YNL010W
5140,YNL011C
5141,YNL012W
5142,YNL013C
5143,YNL014W
5144,YNL015W
5145,YNL016W
5146,YNL017C
5147,YNL018C
5148,YNL019C
5149,YNL020C
5150,YNL021W
5151,YNL022C
5152,YNL023C
5153,YNL024C
5154,YNL024C-A
5155,YNL025C
5156,YNL026W
5157,YNL027W
5158,YNL028W
5159,YNL029C
5160,YNL030W
5161,YNL031C
5162,YNL032W
5163,YNL033W
5164,YNL034W
5165,YNL035C
5166,YNL036W
5167,YNL037C
5168,YNL038W
5169,YNL039W
5170,YNL040W
5171,YNL041C
5172,YNL042W
5173,YNL042W-B
5174,YNL043C
5175,YNL044W
5176,YNL045W
5177,YNL046W
5178,YNL047C
5179,YNL048W
5180,YNL049C
5181,YNL050C
5182,YNL051W
5183,YNL052W
5184,YNL053W
5185,YNL054W
5186,YNL054W-A
5187,YNL055C
5188,YNL056W
5189,YNL057W
5190,YNL058C
5191,YNL059C
5192,YNL061W
5193,YNL062C
5194,YNL063W
5195,YNL064C
5196,YNL065W
5197,YNL066W
5198,YNL067W
5199,YNL067W-A
5200,YNL067W-B
5201,YNL068C
5202,YNL069C
5203,YNL070W
5204,YNL071W
5205,YNL072W
5206,YNL073W
5207,YNL074C
5208,YNL075W
5209,YNL076W
5210,YNL077W
5211,YNL078W
5212,YNL079C
5213,YNL080C
5214,YNL081C
5215,YNL082W
5216,YNL083W
5217,YNL084C
5218,YNL085W
5219,YNL086W
5220,YNL087W
5221,YNL088W
5222,YNL089C
5223,YNL090W
5224,YNL091W
5225,YNL092W
5226,YNL093W
5227,YNL094W
5228,YNL095C
5229,YNL096C
5230,YNL097C
5231,YNL097C-B
5232,YNL097W-A
5233,YNL098C
5234,YNL099C
5235,YNL100W
5236,YNL101W
5237,YNL102W
5238,YNL103W
5239,YNL103W-A
5240,YNL104C
5241,YNL105W
5242,YNL106C
5243,YNL107W
5244,YNL108C
5245,YNL109W
5246,YNL110C
5247,YNL111C
5248,YNL112W
5249,YNL113W
5250,YNL114C
5251,YNL115C
5252,YNL116W
5253,YNL117W
5254,YNL118C
5255,YNL119W
5256,YNL120C
5257,YNL121C
5258,YNL122C
5259,YNL123W
5260,YNL124W
5261,YNL125C
5262,YNL126W
5263,YNL127W
5264,YNL128W
5265,YNL129W
5266,YNL130C
5267,YNL130C-A
5268,YNL131W
5269,YNL132W
5270,YNL133C
5271,YNL134C
5272,YNL135C
5273,YNL136W
5274,YNL137C
5275,YNL138W
5276,YNL138W-A
5277,YNL139C
5278,YNL140C
5279,YNL141W
5280,YNL142W
5281,YNL143C
5282,YNL144C
5283,YNL144W-A
5284,YNL145W
5285,YNL146C-A
5286,YNL146W
5287,YNL147W
5288,YNL148C
5289,YNL149C
5290,YNL150W
5291,YNL151C
5292,YNL152W
5293,YNL153C
5294,YNL154C
5295,YNL155W
5296,YNL156C
5297,YNL157W
5298,YNL158W
5299,YNL159C
5300,YNL160W
5301,YNL161W
5302,YNL162W
5303,YNL162W-A
5304,YNL163C
5305,YNL164C
5306,YNL165W
5307,YNL166C
5308,YNL167C
5309,YNL168C
5310,YNL169C
5311,YNL170W
5312,YNL171C
5313,YNL172W
5314,YNL173C
5315,YNL174W
5316,YNL175C
5317,YNL176C
5318,YNL177C
5319,YNL178W
5320,YNL179C
5321,YNL180C
5322,YNL181W
5323,YNL182C
5324,YNL183C
5325,YNL184C
5326,YNL185C
5327,YNL186W
5328,YNL187W
5329,YNL188W
5330,YNL189W
5331,YNL190W
5332,YNL191W
5333,YNL192W
5334,YNL193W
5335,YNL194C
5336,YNL195C
5337,YNL196C
5338,YNL197C
5339,YNL198C
5340,YNL199C
5341,YNL200C
5342,YNL201C
5343,YNL202W
5344,YNL203C
5345,YNL204C
5346,YNL205C
5347,YNL206C
5348,YNL207W
5349,YNL208W
5350,YNL209W
5351,YNL210W
5352,YNL211C
5353,YNL212W
5354,YNL213C
5355,YNL214W
5356,YNL215W
5357,YNL216W
5358,YNL217W
5359,YNL218W
5360,YNL219C
5361,YNL220W
5362,YNL221C
5363,YNL222W
5364,YNL223W
5365,YNL224C
5366,YNL225C
5367,YNL226W
5368,YNL227C
5369,YNL228W
5370,YNL229C
5371,YNL230C
5372,YNL231C
5373,YNL232W
5374,YNL233W
5375,YNL234W
5376,YNL235C
5377,YNL236W
5378,YNL237W
5379,YNL238W
5380,YNL239W
5381,YNL240C
5382,YNL241C
5383,YNL242W
5384,YNL243W
5385,YNL244C
5386,YNL245C
5387,YNL246W
5388,YNL247W
5389,YNL248C
5390,YNL249C
5391,YNL250W
5392,YNL251C
5393,YNL252C
5394,YNL253W
5395,YNL254C
5396,YNL255C
5397,YNL256W
5398,YNL257C
5399,YNL258C
5400,YNL259C
5401,YNL260C
5402,YNL261W
5403,YNL262W
5404,YNL263C
5405,YNL264C
5406,YNL265C
5407,YNL266W
5408,YNL267W
5409,YNL268W
5410,YNL269W
5411,YNL270C
5412,YNL271C
5413,YNL272C
5414,YNL273W
5415,YNL274C
5416,YNL275W
5417,YNL276C
5418,YNL277W
5419,YNL277W-A
5420,YNL278W
5421,YNL279W
5422,YNL280C
5423,YNL281W
5424,YNL282W
5425,YNL283C
5426,YNL284C
5427,YNL284C-A
5428,YNL284C-B
5429,YNL285W
5430,YNL286W
5431,YNL287W
5432,YNL288W
5433,YNL289W
5434,YNL290W
5435,YNL291C
5436,YNL292W
5437,YNL293W
5438,YNL294C
5439,YNL295W
5440,YNL296W
5441,YNL297C
5442,YNL298W
5443,YNL299W
5444,YNL300W
5445,YNL301C
5446,YNL302C
5447,YNL303W
5448,YNL304W
5449,YNL305C
5450,YNL306W
5451,YNL307C
5452,YNL308C
5453,YNL309W
5454,YNL310C
5455,YNL311C
5456,YNL312W
5457,YNL313C
5458,YNL314W
5459,YNL315C
5460,YNL316C
5461,YNL317W
5462,YNL318C
5463,YNL319W
5464,YNL320W
5465,YNL321W
5466,YNL322C
5467,YNL323W
5468,YNL324W
5469,YNL325C
5470,YNL326C
5471,YNL327W
5472,YNL328C
5473,YNL329C
5474,YNL330C
5475,YNL331C
5476,YNL332W
5477,YNL333W
5478,YNL334C
5479,YNL335W
5480,YNL336W
5481,YNL337W
5482,YNL338W
5483,YNL339C
5484,YNL339W-A
5485,YNL339W-B
5486,YNR001C
5487,YNR001W-A
5488,YNR002C
5489,YNR003C
5490,YNR003W-A
5491,YNR004W
5492,YNR005C
5493,YNR006W
5494,YNR007C
5495,YNR008W
5496,YNR009W
5497,YNR010W
5498,YNR011C
5499,YNR012W
5500,YNR013C
5501,YNR014W
5502,YNR015W
5503,YNR016C
5504,YNR017W
5505,YNR018W
5506,YNR019W
5507,YNR020C
5508,YNR021W
5509,YNR022C
5510,YNR023W
5511,YNR024W
5512,YNR025C
5513,YNR026C
5514,YNR027W
5515,YNR028W
5516,YNR029C
5517,YNR030W
5518,YNR031C
5519,YNR032C-A
5520,YNR032W
5521,YNR033W
5522,YNR034W
5523,YNR034W-A
5524,YNR035C
5525,YNR036C
5526,YNR037C
5527,YNR038W
5528,YNR039C
5529,YNR040W
5530,YNR041C
5531,YNR042W
5532,YNR043W
5533,YNR044W
5534,YNR045W
5535,YNR046W
5536,YNR047W
5537,YNR048W
5538,YNR049C
5539,YNR050C
5540,YNR051C
5541,YNR052C
5542,YNR053C
5543,YNR054C
5544,YNR055C
5545,YNR056C
5546,YNR057C
5547,YNR058W
5548,YNR059W
5549,YNR060W
5550,YNR061C
5551,YNR062C
5552,YNR063W
5553,YNR064C
5554,YNR065C
5555,YNR066C
5556,YNR067C
5557,YNR068C
5558,YNR069C
5559,YNR070W
5560,YNR071C
5561,YNR072W
5562,YNR073C
5563,YNR074C
5564,YNR075C-A
5565,YNR075W
5566,YNR076W
5567,YNR077C
5568,YOL001W
5569,YOL002C
5570,YOL003C
5571,YOL004W
5572,YOL005C
5573,YOL006C
5574,YOL007C
5575,YOL008W
5576,YOL009C
5577,YOL010W
5578,YOL011W
5579,YOL012C
5580,YOL013C
5581,YOL013W-A
5582,YOL013W-B
5583,YOL014W
5584,YOL015W
5585,YOL016C
5586,YOL017W
5587,YOL018C
5588,YOL019W
5589,YOL019W-A
5590,YOL020W
5591,YOL021C
5592,YOL022C
5593,YOL023W
5594,YOL024W
5595,YOL025W
5596,YOL026C
5597,YOL027C
5598,YOL028C
5599,YOL029C
5600,YOL030W
5601,YOL031C
5602,YOL032W
5603,YOL033W
5604,YOL034W
5605,YOL035C
5606,YOL036W
5607,YOL037C
5608,YOL038C-A
5609,YOL038W
5610,YOL039W
5611,YOL040C
5612,YOL041C
5613,YOL042W
5614,YOL043C
5615,YOL044W
5616,YOL045W
5617,YOL046C
5618,YOL047C
5619,YOL048C
5620,YOL049W
5621,YOL050C
5622,YOL051W
5623,YOL052C
5624,YOL052C-A
5625,YOL053W
5626,YOL054W
5627,YOL055C
5628,YOL056W
5629,YOL057W
5630,YOL058W
5631,YOL059W
5632,YOL060C
5633,YOL061W
5634,YOL062C
5635,YOL063C
5636,YOL064C
5637,YOL065C
5638,YOL066C
5639,YOL067C
5640,YOL068C
5641,YOL069W
5642,YOL070C
5643,YOL071W
5644,YOL072W
5645,YOL073C
5646,YOL075C
5647,YOL076W
5648,YOL077C
5649,YOL077W-A
5650,YOL078W
5651,YOL079W
5652,YOL080C
5653,YOL081W
5654,YOL082W
5655,YOL083C-A
5656,YOL083W
5657,YOL084W
5658,YOL085C
5659,YOL085W-A
5660,YOL086C
5661,YOL086W-A
5662,YOL087C
5663,YOL088C
5664,YOL089C
5665,YOL090W
5666,YOL091W
5667,YOL092W
5668,YOL093W
5669,YOL094C
5670,YOL095C
5671,YOL096C
5672,YOL097C
5673,YOL097W-A
5674,YOL098C
5675,YOL099C
5676,YOL100W
5677,YOL101C
5678,YOL102C
5679,YOL103W
5680,YOL103W-A
5681,YOL103W-B
5682,YOL104C
5683,YOL105C
5684,YOL106W
5685,YOL107W
5686,YOL108C
5687,YOL109W
5688,YOL110W
5689,YOL111C
5690,YOL112W
5691,YOL113W
5692,YOL114C
5693,YOL115W
5694,YOL116W
5695,YOL117W
5696,YOL118C
5697,YOL119C
5698,YOL120C
5699,YOL121C
5700,YOL122C
5701,YOL123W
5702,YOL124C
5703,YOL125W
5704,YOL126C
5705,YOL127W
5706,YOL128C
5707,YOL129W
5708,YOL130W
5709,YOL131W
5710,YOL132W
5711,YOL133W
5712,YOL134C
5713,YOL135C
5714,YOL136C
5715,YOL137W
5716,YOL138C
5717,YOL139C
5718,YOL140W
5719,YOL141W
5720,YOL142W
5721,YOL143C
5722,YOL144W
5723,YOL145C
5724,YOL146W
5725,YOL147C
5726,YOL148C
5727,YOL149W
5728,YOL150C
5729,YOL151W
5730,YOL152W
5731,YOL154W
5732,YOL155C
5733,YOL155W-A
5734,YOL156W
5735,YOL157C
5736,YOL158C
5737,YOL159C
5738,YOL159C-A
5739,YOL160W
5740,YOL161C
5741,YOL162W
5742,YOL163W
5743,YOL164W
5744,YOL164W-A
5745,YOL165C
5746,YOL166C
5747,YOL166W-A
5748,YOR001W
5749,YOR002W
5750,YOR003W
5751,YOR004W
5752,YOR005C
5753,YOR006C
5754,YOR007C
5755,YOR008C
5756,YOR008C-A
5757,YOR008W-B
5758,YOR009W
5759,YOR010C
5760,YOR011W
5761,YOR011W-A
5762,YOR012W
5763,YOR013W
5764,YOR014W
5765,YOR015W
5766,YOR016C
5767,YOR017W
5768,YOR018W
5769,YOR019W
5770,YOR020C
5771,YOR020W-A
5772,YOR021C
5773,YOR022C
5774,YOR023C
5775,YOR024W
5776,YOR025W
5777,YOR026W
5778,YOR027W
5779,YOR028C
5780,YOR029W
5781,YOR030W
5782,YOR031W
5783,YOR032C
5784,YOR032W-A
5785,YOR033C
5786,YOR034C
5787,YOR034C-A
5788,YOR035C
5789,YOR036W
5790,YOR037W
5791,YOR038C
5792,YOR039W
5793,YOR040W
5794,YOR041C
5795,YOR042W
5796,YOR043W
5797,YOR044W
5798,YOR045W
5799,YOR046C
5800,YOR047C
5801,YOR048C
5802,YOR049C
5803,YOR050C
5804,YOR051C
5805,YOR052C
5806,YOR053W
5807,YOR054C
5808,YOR055W
5809,YOR056C
5810,YOR057W
5811,YOR058C
5812,YOR059C
5813,YOR060C
5814,YOR061W
5815,YOR062C
5816,YOR063W
5817,YOR064C
5818,YOR065W
5819,YOR066W
5820,YOR067C
5821,YOR068C
5822,YOR069W
5823,YOR070C
5824,YOR071C
5825,YOR072W
5826,YOR072W-A
5827,YOR072W-B
5828,YOR073W
5829,YOR073W-A
5830,YOR074C
5831,YOR075W
5832,YOR076C
5833,YOR077W
5834,YOR078W
5835,YOR079C
5836,YOR080W
5837,YOR081C
5838,YOR082C
5839,YOR083W
5840,YOR084W
5841,YOR085W
5842,YOR086C
5843,YOR087W
5844,YOR089C
5845,YOR090C
5846,YOR091W
5847,YOR092W
5848,YOR093C
5849,YOR094W
5850,YOR095C
5851,YOR096W
5852,YOR097C
5853,YOR098C
5854,YOR099W
5855,YOR100C
5856,YOR101W
5857,YOR102W
5858,YOR103C
5859,YOR104W
5860,YOR105W
5861,YOR106W
5862,YOR107W
5863,YOR108C-A
5864,YOR108W
5865,YOR109W
5866,YOR110W
5867,YOR111W
5868,YOR112W
5869,YOR113W
5870,YOR114W
5871,YOR115C
5872,YOR116C
5873,YOR117W
5874,YOR118W
5875,YOR119C
5876,YOR120W
5877,YOR121C
5878,YOR122C
5879,YOR123C
5880,YOR124C
5881,YOR125C
5882,YOR126C
5883,YOR127W
5884,YOR128C
5885,YOR129C
5886,YOR130C
5887,YOR131C
5888,YOR132W
5889,YOR133W
5890,YOR134W
5891,YOR135C
5892,YOR136W
5893,YOR137C
5894,YOR138C
5895,YOR139C
5896,YOR140W
5897,YOR141C
5898,YOR142W
5899,YOR142W-A
5900,YOR142W-B
5901,YOR143C
5902,YOR144C
5903,YOR145C
5904,YOR146W
5905,YOR147W
5906,YOR148C
5907,YOR149C
5908,YOR150W
5909,YOR151C
5910,YOR152C
5911,YOR153W
5912,YOR154W
5913,YOR155C
5914,YOR156C
5915,YOR157C
5916,YOR158W
5917,YOR159C
5918,YOR160W
5919,YOR161C
5920,YOR161C-C
5921,YOR161W-A
5922,YOR161W-B
5923,YOR162C
5924,YOR163W
5925,YOR164C
5926,YOR165W
5927,YOR166C
5928,YOR167C
5929,YOR168W
5930,YOR169C
5931,YOR170W
5932,YOR171C
5933,YOR172W
5934,YOR173W
5935,YOR174W
5936,YOR175C
5937,YOR176W
5938,YOR177C
5939,YOR178C
5940,YOR179C
5941,YOR180C
5942,YOR181W
5943,YOR182C
5944,YOR183W
5945,YOR184W
5946,YOR185C
5947,YOR186C-A
5948,YOR186W
5949,YOR187W
5950,YOR188W
5951,YOR189W
5952,YOR190W
5953,YOR191W
5954,YOR192C
5955,YOR192C-A
5956,YOR192C-B
5957,YOR192C-C
5958,YOR193W
5959,YOR194C
5960,YOR195W
5961,YOR196C
5962,YOR197W
5963,YOR198C
5964,YOR199W
5965,YOR200W
5966,YOR201C
5967,YOR202W
5968,YOR203W
5969,YOR204W
5970,YOR205C
5971,YOR206W
5972,YOR207C
5973,YOR208W
5974,YOR209C
5975,YOR210W
5976,YOR211C
5977,YOR212W
5978,YOR213C
5979,YOR214C
5980,YOR215C
5981,YOR216C
5982,YOR217W
5983,YOR218C
5984,YOR219C
5985,YOR220W
5986,YOR221C
5987,YOR222W
5988,YOR223W
5989,YOR224C
5990,YOR225W
5991,YOR226C
5992,YOR227W
5993,YOR228C
5994,YOR229W
5995,YOR230W
5996,YOR231C-A
5997,YOR231W
5998,YOR232W
5999,YOR233W
6000,YOR234C
6001,YOR235W
6002,YOR236W
6003,YOR237W
6004,YOR238W
6005,YOR239W
6006,YOR241W
6007,YOR242C
6008,YOR243C
6009,YOR244W
6010,YOR245C
6011,YOR246C
6012,YOR247W
6013,YOR248W
6014,YOR249C
6015,YOR250C
6016,YOR251C
6017,YOR252W
6018,YOR253W
6019,YOR254C
6020,YOR255W
6021,YOR256C
6022,YOR257W
6023,YOR258W
6024,YOR259C
6025,YOR260W
6026,YOR261C
6027,YOR262W
6028,YOR263C
6029,YOR264W
6030,YOR265W
6031,YOR266W
6032,YOR267C
6033,YOR268C
6034,YOR269W
6035,YOR270C
6036,YOR271C
6037,YOR272W
6038,YOR273C
6039,YOR274W
6040,YOR275C
6041,YOR276W
6042,YOR277C
6043,YOR278W
6044,YOR279C
6045,YOR280C
6046,YOR281C
6047,YOR282W
6048,YOR283W
6049,YOR284W
6050,YOR285W
6051,YOR286W
6052,YOR287C
6053,YOR288C
6054,YOR289W
6055,YOR290C
6056,YOR291W
6057,YOR292C
6058,YOR293C-A
6059,YOR293W
6060,YOR294W
6061,YOR295W
6062,YOR296W
6063,YOR297C
6064,YOR298C-A
6065,YOR298W
6066,YOR299W
6067,YOR300W
6068,YOR301W
6069,YOR302W
6070,YOR303W
6071,YOR304C-A
6072,YOR304W
6073,YOR305W
6074,YOR306C
6075,YOR307C
6076,YOR308C
6077,YOR309C
6078,YOR310C
6079,YOR311C
6080,YOR312C
6081,YOR313C
6082,YOR314W
6083,YOR314W-A
6084,YOR315W
6085,YOR316C
6086,YOR316C-A
6087,YOR317W
6088,YOR318C
6089,YOR319W
6090,YOR320C
6091,YOR321W
6092,YOR322C
6093,YOR323C
6094,YOR324C
6095,YOR325W
6096,YOR326W
6097,YOR327C
6098,YOR328W
6099,YOR329C
6100,YOR329W-A
6101,YOR330C
6102,YOR331C
6103,YOR332W
6104,YOR333C
6105,YOR334W
6106,YOR335C
6107,YOR335W-A
6108,YOR336W
6109,YOR337W
6110,YOR338W
6111,YOR339C
6112,YOR340C
6113,YOR341W
6114,YOR342C
6115,YOR343C
6116,YOR343W-A
6117,YOR343W-B
6118,YOR344C
6119,YOR345C
6120,YOR346W
6121,YOR347C
6122,YOR348C
6123,YOR349W
6124,YOR350C
6125,YOR351C
6126,YOR352W
6127,YOR353C
6128,YOR354C
6129,YOR355W
6130,YOR356W
6131,YOR357C
6132,YOR358W
6133,YOR359W
6134,YOR360C
6135,YOR361C
6136,YOR362C
6137,YOR363C
6138,YOR364W
6139,YOR365C
6140,YOR366W
6141,YOR367W
6142,YOR368W
6143,YOR369C
6144,YOR370C
6145,YOR371C
6146,YOR372C
6147,YOR373W
6148,YOR374W
6149,YOR375C
6150,YOR376W
6151,YOR376W-A
6152,YOR377W
6153,YOR378W
6154,YOR379C
6155,YOR380W
6156,YOR381W
6157,YOR381W-A
6158,YOR382W
6159,YOR383C
6160,YOR384W
6161,YOR385W
6162,YOR386W
6163,YOR387C
6164,YOR388C
6165,YOR389W
6166,YOR390W
6167,YOR391C
6168,YOR392W
6169,YOR393W
6170,YOR394C-A
6171,YOR394W
6172,YOR396C-A
6173,YOR396W
6174,YPL001W
6175,YPL002C
6176,YPL003W
6177,YPL004C
6178,YPL005W
6179,YPL006W
6180,YPL007C
6181,YPL008W
6182,YPL009C
6183,YPL010W
6184,YPL011C
6185,YPL012W
6186,YPL013C
6187,YPL014W
6188,YPL015C
6189,YPL016W
6190,YPL017C
6191,YPL018W
6192,YPL019C
6193,YPL020C
6194,YPL021W
6195,YPL022W
6196,YPL023C
6197,YPL024W
6198,YPL025C
6199,YPL026C
6200,YPL027W
6201,YPL028W
6202,YPL029W
6203,YPL030W
6204,YPL031C
6205,YPL032C
6206,YPL033C
6207,YPL034W
6208,YPL035C
6209,YPL036W
6210,YPL037C
6211,YPL038W
6212,YPL038W-A
6213,YPL039W
6214,YPL040C
6215,YPL041C
6216,YPL042C
6217,YPL043W
6218,YPL044C
6219,YPL045W
6220,YPL046C
6221,YPL047W
6222,YPL048W
6223,YPL049C
6224,YPL050C
6225,YPL051W
6226,YPL052W
6227,YPL053C
6228,YPL054W
6229,YPL055C
6230,YPL056C
6231,YPL057C
6232,YPL058C
6233,YPL059W
6234,YPL060W
6235,YPL061W
6236,YPL062W
6237,YPL063W
6238,YPL064C
6239,YPL065W
6240,YPL066W
6241,YPL067C
6242,YPL068C
6243,YPL069C
6244,YPL070W
6245,YPL071C
6246,YPL072W
6247,YPL073C
6248,YPL074W
6249,YPL075W
6250,YPL076W
6251,YPL077C
6252,YPL078C
6253,YPL079W
6254,YPL080C
6255,YPL081W
6256,YPL082C
6257,YPL083C
6258,YPL084W
6259,YPL085W
6260,YPL086C
6261,YPL087W
6262,YPL088W
6263,YPL089C
6264,YPL090C
6265,YPL091W
6266,YPL092W
6267,YPL093W
6268,YPL094C
6269,YPL095C
6270,YPL096C-A
6271,YPL096W
6272,YPL097W
6273,YPL098C
6274,YPL099C
6275,YPL100W
6276,YPL101W
6277,YPL102C
6278,YPL103C
6279,YPL104W
6280,YPL105C
6281,YPL106C
6282,YPL107W
6283,YPL108W
6284,YPL109C
6285,YPL110C
6286,YPL111W
6287,YPL112C
6288,YPL113C
6289,YPL114W
6290,YPL115C
6291,YPL116W
6292,YPL117C
6293,YPL118W
6294,YPL119C
6295,YPL119C-A
6296,YPL120W
6297,YPL121C
6298,YPL122C
6299,YPL123C
6300,YPL124W
6301,YPL125W
6302,YPL126W
6303,YPL127C
6304,YPL128C
6305,YPL129W
6306,YPL130W
6307,YPL131W
6308,YPL132W
6309,YPL133C
6310,YPL134C
6311,YPL135C-A
6312,YPL135W
6313,YPL136W
6314,YPL137C
6315,YPL138C
6316,YPL139C
6317,YPL140C
6318,YPL141C
6319,YPL142C
6320,YPL143W
6321,YPL144W
6322,YPL145C
6323,YPL146C
6324,YPL147W
6325,YPL148C
6326,YPL149W
6327,YPL150W
6328,YPL151C
6329,YPL152W
6330,YPL152W-A
6331,YPL153C
6332,YPL154C
6333,YPL155C
6334,YPL156C
6335,YPL157W
6336,YPL158C
6337,YPL159C
6338,YPL160W
6339,YPL161C
6340,YPL162C
6341,YPL163C
6342,YPL164C
6343,YPL165C
6344,YPL166W
6345,YPL167C
6346,YPL168W
6347,YPL169C
6348,YPL170W
6349,YPL171C
6350,YPL172C
6351,YPL173W
6352,YPL174C
6353,YPL175W
6354,YPL176C
6355,YPL177C
6356,YPL178W
6357,YPL179W
6358,YPL180W
6359,YPL181W
6360,YPL182C
6361,YPL183C
6362,YPL183W-A
6363,YPL184C
6364,YPL185W
6365,YPL186C
6366,YPL187W
6367,YPL188W
6368,YPL189C-A
6369,YPL189W
6370,YPL190C
6371,YPL191C
6372,YPL192C
6373,YPL193W
6374,YPL194W
6375,YPL195W
6376,YPL196W
6377,YPL197C
6378,YPL198W
6379,YPL199C
6380,YPL200W
6381,YPL201C
6382,YPL202C
6383,YPL203W
6384,YPL204W
6385,YPL205C
6386,YPL206C
6387,YPL207W
6388,YPL208W
6389,YPL209C
6390,YPL210C
6391,YPL211W
6392,YPL212C
6393,YPL213W
6394,YPL214C
6395,YPL215W
6396,YPL216W
6397,YPL217C
6398,YPL218W
6399,YPL219W
6400,YPL220W
6401,YPL221W
6402,YPL222C-A
6403,YPL222W
6404,YPL223C
6405,YPL224C
6406,YPL225W
6407,YPL226W
6408,YPL227C
6409,YPL228W
6410,YPL229W
6411,YPL230W
6412,YPL231W
6413,YPL232W
6414,YPL233W
6415,YPL234C
6416,YPL235W
6417,YPL236C
6418,YPL237W
6419,YPL238C
6420,YPL239W
6421,YPL240C
6422,YPL241C
6423,YPL242C
6424,YPL243W
6425,YPL244C
6426,YPL245W
6427,YPL246C
6428,YPL247C
6429,YPL248C
6430,YPL249C
6431,YPL249C-A
6432,YPL250C
6433,YPL250W-A
6434,YPL251W
6435,YPL252C
6436,YPL253C
6437,YPL254W
6438,YPL255W
6439,YPL256C
6440,YPL257W
6441,YPL257W-A
6442,YPL257W-B
6443,YPL258C
6444,YPL259C
6445,YPL260W
6446,YPL261C
6447,YPL262W
6448,YPL263C
6449,YPL264C
6450,YPL265W
6451,YPL266W
6452,YPL267W
6453,YPL268W
6454,YPL269W
6455,YPL270W
6456,YPL271W
6457,YPL272C
6458,YPL273W
6459,YPL274W
6460,YPL277C
6461,YPL278C
6462,YPL279C
6463,YPL280W
6464,YPL281C
6465,YPL282C
6466,YPL283C
6467,YPL283W-A
6468,YPL283W-B
6469,YPR001W
6470,YPR002C-A
6471,YPR002W
6472,YPR003C
6473,YPR004C
6474,YPR005C
6475,YPR006C
6476,YPR007C
6477,YPR008W
6478,YPR009W
6479,YPR010C
6480,YPR010C-A
6481,YPR011C
6482,YPR012W
6483,YPR013C
6484,YPR014C
6485,YPR015C
6486,YPR016C
6487,YPR016W-A
6488,YPR017C
6489,YPR018W
6490,YPR019W
6491,YPR020W
6492,YPR021C
6493,YPR022C
6494,YPR023C
6495,YPR024W
6496,YPR025C
6497,YPR026W
6498,YPR027C
6499,YPR028W
6500,YPR029C
6501,YPR030W
6502,YPR031W
6503,YPR032W
6504,YPR033C
6505,YPR034W
6506,YPR035W
6507,YPR036W
6508,YPR036W-A
6509,YPR037C
6510,YPR038W
6511,YPR039W
6512,YPR040W
6513,YPR041W
6514,YPR042C
6515,YPR043W
6516,YPR044C
6517,YPR045C
6518,YPR046W
6519,YPR047W
6520,YPR048W
6521,YPR049C
6522,YPR050C
6523,YPR051W
6524,YPR052C
6525,YPR053C
6526,YPR054W
6527,YPR055W
6528,YPR056W
6529,YPR057W
6530,YPR058W
6531,YPR059C
6532,YPR060C
6533,YPR061C
6534,YPR062W
6535,YPR063C
6536,YPR064W
6537,YPR065W
6538,YPR066W
6539,YPR067W
6540,YPR068C
6541,YPR069C
6542,YPR070W
6543,YPR071W
6544,YPR072W
6545,YPR073C
6546,YPR074C
6547,YPR074W-A
6548,YPR075C
6549,YPR076W
6550,YPR077C
6551,YPR078C
6552,YPR079W
6553,YPR080W
6554,YPR081C
6555,YPR082C
6556,YPR083W
6557,YPR084W
6558,YPR085C
6559,YPR086W
6560,YPR087W
6561,YPR088C
6562,YPR089W
6563,YPR091C
6564,YPR092W
6565,YPR093C
6566,YPR094W
6567,YPR095C
6568,YPR096C
6569,YPR097W
6570,YPR098C
6571,YPR099C
6572,YPR100W
6573,YPR101W
6574,YPR102C
6575,YPR103W
6576,YPR104C
6577,YPR105C
6578,YPR106W
6579,YPR107C
6580,YPR108W
6581,YPR108W-A
6582,YPR109W
6583,YPR110C
6584,YPR111W
6585,YPR112C
6586,YPR113W
6587,YPR114W
6588,YPR115W
6589,YPR116W
6590,YPR117W
6591,YPR118W
6592,YPR119W
6593,YPR120C
6594,YPR121W
6595,YPR122W
6596,YPR123C
6597,YPR124W
6598,YPR125W
6599,YPR126C
6600,YPR127W
6601,YPR128C
6602,YPR129W
6603,YPR130C
6604,YPR131C
6605,YPR132W
6606,YPR133C
6607,YPR133W-A
6608,YPR134W
6609,YPR135W
6610,YPR136C
6611,YPR137C-A
6612,YPR137C-B
6613,YPR137W
6614,YPR138C
6615,YPR139C
6616,YPR140W
6617,YPR141C
6618,YPR142C
6619,YPR143W
6620,YPR144C
6621,YPR145C-A
6622,YPR145W
6623,YPR146C
6624,YPR147C
6625,YPR148C
6626,YPR149W
6627,YPR150W
6628,YPR151C
6629,YPR152C
6630,YPR153W
6631,YPR154W
6632,YPR155C
6633,YPR156C
6634,YPR157W
6635,YPR158C-C
6636,YPR158C-D
6637,YPR158W
6638,YPR158W-A
6639,YPR158W-B
6640,YPR159C-A
6641,YPR159W
6642,YPR160C-A
6643,YPR160W
6644,YPR160W-A
6645,YPR161C
6646,YPR162C
6647,YPR163C
6648,YPR164W
6649,YPR165W
6650,YPR166C
6651,YPR167C
6652,YPR168W
6653,YPR169W
6654,YPR169W-A
6655,YPR170C
6656,YPR170W-A
6657,YPR170W-B
6658,YPR171W
6659,YPR172W
6660,YPR173C
6661,YPR174C
6662,YPR175W
6663,YPR176C
6664,YPR177C
6665,YPR178W
6666,YPR179C
6667,YPR180W
6668,YPR181C
6669,YPR182W
6670,YPR183W
6671,YPR184W
6672,YPR185W
6673,YPR186C
6674,YPR187W
6675,YPR188C
6676,YPR189W
6677,YPR190C
6678,YPR191W
6679,YPR192W
6680,YPR193C
6681,YPR194C
6682,YPR195C
6683,YPR196W
6684,YPR197C
6685,YPR198W
6686,YPR199C
6687,YPR200C
6688,YPR201W
6689,YPR202W
6690,YPR203W
6691,YPR204C-A
6692,YPR204W
